<?xml version="1.0" encoding="utf-8" ?>
<BuildConfiguration Incremental="true" Save="true" Export="./temp4/" ExportFilter="UnitTests" Report="./compile-4-report.xml" >
	<UnitTestFc FilePath="UnitTestFC_template.xml" />
	<Library Name="CaseTransportType" LibPath="Conveyor Control Types" Fn="UnitTestsCaseTransportTypes"/>
	<Library Name="CaseSteerableWheelDivertType" LibPath="Conveyor Control Types" Fn="UnitTestsCaseSteerableWheelDivertsTypes"/>
	<Library Name="CaseHighRateRatType" LibPath="Conveyor Control Types" Fn="UnitTestsCaseHighRateRatTypes"/>
	<Library Name="Alarms" Fn="UnitTestsAlarms"/>
	<Library Name="Drive Interfaces" Fn="UnitTestsDriveInterfaces"/>
	<Library Name="Elevator &amp; TCar" Fn="UnitTestsElevator&amp;TCar"/>
	<Library Name="PalletTurnTableType" LibPath="Conveyor Control Types" Fn="UnitTestsPalletTurntableTypes"/>
</BuildConfiguration>