<?xml version="1.0" encoding="utf-8" ?>
<BuildConfiguration Incremental="true" Save="true" TargetAddress1="192.168.0.108" SubnetMask1="255.255.255.0" TargetAddress2="192.168.1.108" SubnetMask2="255.255.255.0">
	<UnitTestFc FilePath="UnitTestFC_template.xml" />
	<Library Name="CaseHighRateRatType" LibPath="Conveyor Control Types" Fn="UnitTestsCaseHighRateRatTypes"/>
	<Library Name="Panel Interfaces" Fn="UnitTestsPanelInterfaces"/>
	<Library Name="Service Devices" Fn="UnitTestsServiceDevices"/>
	<Library Name="Sorter" Fn="UnitTestsSorter"/>
	<Library Name="Tools" Fn="UnitTestsTools"/>
	<Library Name="WCS" Fn="UnitTestsWcs"/>
	<Library Name="ZipperMerge" Fn="UnitTestsZipperMerge"/>
</BuildConfiguration>