<?xml version="1.0" encoding="utf-8" ?>
<BuildConfiguration Incremental="true" Save="true" Export="./temp3/" ExportFilter="UnitTests" Report="./compile-3-report.xml" >
	<UnitTestFc FilePath="UnitTestFC_template.xml" />
	<Library Name="Logging" Fn="UnitTestsLogging"/>
	<Library Name="Tools" Fn="UnitTestsTools"/>
	<Library Name="WCS" Fn="UnitTestsWcs"/>
	<Library Name="ZipperMerge" Fn="UnitTestsZipperMerge"/>
	<Library Name="Service Devices" Fn="UnitTestsServiceDevices"/>
	<Library Name="Subroutine" LibPath="Conveyor Control Types" Fn="UnitTestsSubroutines"/>
	<Library Name="Amcap" LibPath="Conveyor Control Types" Fn="UnitTestsAmcap"/>
	<Library Name="PalletAGV" LibPath="Conveyor Control Types" Fn="UnitTestPalletAgv"/>
	<Library Name="CaseAccumType" LibPath="Conveyor Control Types" Fn="UnitTestsCaseAccumulationTypes"/>
	<Library Name="PalletSlugTypes" LibPath="Conveyor Control Types" Fn="UnitTestsPalletSlugTypes"/>
</BuildConfiguration>