<?xml version="1.0" encoding="utf-8" ?>
<BuildConfiguration Incremental="true" Save="true" Export="./temp1/" Report="./compile-1-report.xml" >
	<UnitTestFc FilePath="UnitTestFC_template.xml" />
	<Library Name="Merge" Fn="UnitTestsMerge"/>
	<Library Name="HMI" Fn="UnitTestsHmi"/>
	<Library Name="Sorter" Fn="UnitTestsSorter"/>
	<Library Name="Routing" Fn="UnitTestsRouting"/>
	<Library Name="Safety" Fn="UnitTestsSafety"/>
	<Library Name="PalletForkliftTypes" LibPath="Conveyor Control Types" Fn="UnitTestsPalletForkliftTypes" />
	<Library Name="CaseMergeType" LibPath="Conveyor Control Types" Fn="UnitTestsCaseMergeTypes"/>
	<Library Name="Conveyor Interfaces" LibPath="Conveyor Control Types" Fn="UnitTestsConveyorInterfaces"/>
	<Library Name="PalletLiftTableType" LibPath="Conveyor Control Types" Fn="UnitTestsPalletLiftTableTypes"/>
</BuildConfiguration>