<?xml version="1.0" encoding="utf-8" ?>
<BuildConfiguration Save="true" TargetAddress1="192.168.0.105" SubnetMask1="255.255.255.0" TargetAddress2="192.168.1.105" SubnetMask2="255.255.255.0" >
	<UnitTestFc FilePath="UnitTestFC_105.xml" />
	<Library Name="CaseAccumType" LibPath="Conveyor Control Types" Fn="UnitTestsCaseAccumulationTypes"/>
	<Library Name="PalletSlugTypes" LibPath="Conveyor Control Types" Fn="UnitTestsPalletSlugTypes"/>
	<!--<Library Name="Subroutine" LibPath="Conveyor Control Types" Fn="UnitTestsSubroutines"/>-->
	<Library Name="Amcap" LibPath="Conveyor Control Types" Fn="UnitTestsAmcap"/>
	<!--<Library Name="CaseTransportType" LibPath="Conveyor Control Types" Fn="UnitTestsCaseTransportTypes"/>-->
	<Library Name="CaseSteerableWheelDivertType" LibPath="Conveyor Control Types" Fn="UnitTestsCaseSteerableWheelDivertsTypes"/>
	<Library Name="CaseHighRateRatType" LibPath="Conveyor Control Types" Fn="UnitTestsCaseHighRateRatTypes"/>
	<Library Name="Alarms" Fn="UnitTestsAlarms"/>
	<Library Name="Drive Interfaces" Fn="UnitTestsDriveInterfaces"/>
	<Library Name="Elevator &amp; TCar" Fn="UnitTestsElevator&amp;TCar"/>
	<Library Name="HMI" Fn="UnitTestsHmi"/>
	<Library Name="Logging" Fn="UnitTestsLogging"/>
	<Library Name="Service Devices" Fn="UnitTestsServiceDevices"/>
	<Library Name="Sorter" Fn="UnitTestsSorter"/>
	<Library Name="Tools" Fn="UnitTestsTools"/>
	<Library Name="WCS" Fn="UnitTestsWcs"/>
	<Library Name="ZipperMerge" Fn="UnitTestsZipperMerge"/>
</BuildConfiguration>