<?xml version="1.0" encoding="utf-8" ?>
<BuildConfiguration Incremental="true" Save="true" Export="./temp4/" >
	<UnitTestFc FilePath="systemsdata/conveyors/composer/UnitTestFC_template.xml" />
	<Library Name="CaseTransportType" LibPath="Conveyor Control Types" Fn="UnitTestsCaseTransportTypes"/>
	<Library Name="CaseSteerableWheelDivertType" LibPath="Conveyor Control Types" Fn="UnitTestsCaseSteerableWheelDivertsTypes"/>
	<Library Name="CaseHighRateRatType" LibPath="Conveyor Control Types" Fn="UnitTestsCaseHighRateRatTypes"/>
	<Library Name="Alarms" Fn="UnitTestsAlarms"/>
	<Library Name="Drive Interfaces" Fn="UnitTestsDriveInterfaces"/>
	<Library Name="Elevator &amp; TCar" Fn="UnitTestsElevator&amp;TCar"/>
	<Library Name="HMI" Fn="UnitTestsHmi"/>
	<Library Name="Logging" Fn="UnitTestsLogging"/>
	<Library Name="Service Devices" Fn="UnitTestsServiceDevices"/>
	<Library Name="Tools" Fn="UnitTestsTools"/>
	<Library Name="WCS" Fn="UnitTestsWcs"/>
	<Library Name="ZipperMerge" Fn="UnitTestsZipperMerge"/>
	<Library Name="PalletAGV" LibPath="Conveyor Control Types" Fn="UnitTestPalletAgv"/>
	<Library Name="PalletForkliftTypes" LibPath="Conveyor Control Types" Fn="UnitTestsPalletForkliftTypes" />
</BuildConfiguration>