<?xml version="1.0" encoding="utf-8" ?>
<BuildConfiguration Incremental="true" Save="true" TargetAddress1="192.168.0.101" SubnetMask1="255.255.255.0" TargetAddress2="192.168.1.101" SubnetMask2="255.255.255.0">
	<UnitTestFc FilePath="UnitTestFC_template.xml" />
	<Library Name="Panel Interfaces" Fn="UnitTestsPanelInterfaces"/>
	<Library Name="Routing" Fn="UnitTestsRouting"/>
	<Library Name="Safety" Fn="UnitTestsSafety"/>
	<Library Name="Sorter" Fn="UnitTestsSorter"/>
	<Library Name="PalletLiftTableType" LibPath="Conveyor Control Types" Fn="UnitTestsPalletLiftTableTypes"/>
	<Library Name="PalletStraightTypes" LibPath="Conveyor Control Types" Fn="UnitTestsPalletStraightTypes"/>
	<Library Name="PalletAGV" LibPath="Conveyor Control Types" Fn="UnitTestPalletAgv"/>
	<Library Name="PalletForkliftTypes" LibPath="Conveyor Control Types" Fn="UnitTestsPalletForkliftTypes" />
	<Library Name="PalletTurnTableType" LibPath="Conveyor Control Types" Fn="UnitTestsPalletTurntableTypes"/>
	<Library Name="PalletLhdType" LibPath="Conveyor Control Types" Fn="UnitTestsPalletLhdTypes"/>
	<Library Name="CaseRatType" LibPath="Conveyor Control Types" Fn="UnitTestsCaseRatTypes"/>
	<Library Name="CaseMergeType" LibPath="Conveyor Control Types" Fn="UnitTestsCaseMergeTypes"/>
	<Library Name="Conveyor Interfaces" LibPath="Conveyor Control Types" Fn="UnitTestsConveyorInterfaces"/>
	<Library Name="Case Merge" LibPath="Conveyor Control Types" Fn="UnitTestsCaseMerge"/>
</BuildConfiguration>