<?xml version="1.0" encoding="utf-8" ?>
<BuildConfiguration Incremental="true" Save="true" Export="./temp1/" >
	<UnitTestFc FilePath="systemsdata/conveyors/composer/UnitTestFC_template.xml" />
	<Library Name="Panel Interfaces" Fn="UnitTestsPanelInterfaces"/>
	<Library Name="Routing" Fn="UnitTestsRouting"/>
	<Library Name="Safety" Fn="UnitTestsSafety"/>
	<Library Name="Sorter" Fn="UnitTestsSorter"/>
	<Library Name="PalletLiftTableType" LibPath="Conveyor Control Types" Fn="UnitTestsPalletLiftTableTypes"/>
	<Library Name="PalletStraightTypes" LibPath="Conveyor Control Types" Fn="UnitTestsPalletStraightTypes"/>
	<Library Name="CaseMergeType" LibPath="Conveyor Control Types" Fn="UnitTestsCaseMergeTypes"/>
	<Library Name="Conveyor Interfaces" LibPath="Conveyor Control Types" Fn="UnitTestsConveyorInterfaces"/>
	<Library Name="Merge" Fn="UnitTestsMerge"/>
</BuildConfiguration>