<?xml version="1.0" encoding="utf-8"?>
<Document>
  <Engineering version="V17" />
  <DocumentInfo>
    <Created>2022-09-26T05:34:21.9754322Z</Created>
    <ExportSetting>WithDefaults</ExportSetting>
    <InstalledProducts>
      <Product>
        <DisplayName>Totally Integrated Automation Portal</DisplayName>
        <DisplayVersion>V17 Update 4</DisplayVersion>
      </Product>
      <OptionPackage>
        <DisplayName>TIA Portal Openness</DisplayName>
        <DisplayVersion>V17 Update 4</DisplayVersion>
      </OptionPackage>
      <OptionPackage>
        <DisplayName>TIA Portal Version Control Interface</DisplayName>
        <DisplayVersion>V17</DisplayVersion>
      </OptionPackage>
      <Product>
        <DisplayName>STEP 7 Professional</DisplayName>
        <DisplayVersion>V17 Update 4</DisplayVersion>
      </Product>
      <OptionPackage>
        <DisplayName>STEP 7 Safety</DisplayName>
        <DisplayVersion>V17</DisplayVersion>
      </OptionPackage>
      <Product>
        <DisplayName>WinCC Advanced</DisplayName>
        <DisplayVersion>V17 Update 4</DisplayVersion>
      </Product>
    </InstalledProducts>
  </DocumentInfo>
  <SW.Blocks.FC ID="0">
    <AttributeList>
      <AutoNumber>true</AutoNumber>
      <HeaderAuthor />
      <HeaderFamily />
      <HeaderName />
      <HeaderVersion>0.1</HeaderVersion>
      <Interface><Sections xmlns="http://www.siemens.com/automation/Openness/SW/Interface/v5">
  <Section Name="Input" />
  <Section Name="Output" />
  <Section Name="InOut" />
  <Section Name="Temp" />
  <Section Name="Constant" />
  <Section Name="Return">
    <Member Name="Ret_Val" Datatype="Void" Accessibility="Public" />
  </Section>
</Sections></Interface>
      <IsIECCheckEnabled>false</IsIECCheckEnabled>
      <MemoryLayout>Optimized</MemoryLayout>
      <Name>UnitTestFC</Name>
      <Number>3</Number>
      <ProgrammingLanguage>SCL</ProgrammingLanguage>
      <SetENOAutomatically>false</SetENOAutomatically>
      <UDABlockProperties />
      <UDAEnableTagReadback>false</UDAEnableTagReadback>
    </AttributeList>
    <ObjectList>
      <MultilingualText ID="1" CompositionName="Comment">
        <ObjectList>
          <MultilingualTextItem ID="2" CompositionName="Items">
            <AttributeList>
              <Culture>en-US</Culture>
              <Text />
            </AttributeList>
          </MultilingualTextItem>
          <MultilingualTextItem ID="3" CompositionName="Items">
            <AttributeList>
              <Culture>nl-BE</Culture>
              <Text />
            </AttributeList>
          </MultilingualTextItem>
          <MultilingualTextItem ID="4" CompositionName="Items">
            <AttributeList>
              <Culture>de-DE</Culture>
              <Text />
            </AttributeList>
          </MultilingualTextItem>
          <MultilingualTextItem ID="5" CompositionName="Items">
            <AttributeList>
              <Culture>fr-FR</Culture>
              <Text />
            </AttributeList>
          </MultilingualTextItem>
          <MultilingualTextItem ID="6" CompositionName="Items">
            <AttributeList>
              <Culture>en-GB</Culture>
              <Text />
            </AttributeList>
          </MultilingualTextItem>
          <MultilingualTextItem ID="7" CompositionName="Items">
            <AttributeList>
              <Culture>es-ES</Culture>
              <Text />
            </AttributeList>
          </MultilingualTextItem>
        </ObjectList>
      </MultilingualText>
      <SW.Blocks.CompileUnit ID="8" CompositionName="CompileUnits">
        <AttributeList>
          <NetworkSource><StructuredText xmlns="http://www.siemens.com/automation/Openness/SW/NetworkSource/StructuredText/v3">
  <Token Text="REGION" UId="21" />
  <Blank Num="1" UId="22" />
  <Text UId="23">Auto generated call list</Text>
  <NewLine Num="1" UId="24" />
  <Access Scope="Call" UId="25">
    <CallInfo UId="26" BlockType="FC">
      <Instance Scope="GlobalVariable" UId="27">
        <Component Name="UnitTestsPanelInterfaces" UId="28" />
      </Instance>
      <Token Text="(" UId="29" />
      <Token Text=")" UId="30" />
    </CallInfo>
  </Access>
  <Token Text=";" UId="31" />
  <NewLine Num="1" UId="32" />
  <Access Scope="Call" UId="33">
    <CallInfo UId="34" BlockType="FC">
      <Instance Scope="GlobalVariable" UId="35">
        <Component Name="UnitTestsRouting" UId="36" />
      </Instance>
      <Token Text="(" UId="37" />
      <Token Text=")" UId="38" />
    </CallInfo>
  </Access>
  <Token Text=";" UId="39" />
  <NewLine Num="1" UId="40" />
  <Access Scope="Call" UId="41">
    <CallInfo UId="42" BlockType="FC">
      <Instance Scope="GlobalVariable" UId="43">
        <Component Name="UnitTestsSafety" UId="44" />
      </Instance>
      <Token Text="(" UId="45" />
      <Token Text=")" UId="46" />
    </CallInfo>
  </Access>
  <Token Text=";" UId="47" />
  <NewLine Num="1" UId="48" />
  <Access Scope="Call" UId="49">
    <CallInfo UId="50" BlockType="FC">
      <Instance Scope="GlobalVariable" UId="51">
        <Component Name="UnitTestsPalletLiftTableTypes" UId="52" />
      </Instance>
      <Token Text="(" UId="53" />
      <Token Text=")" UId="54" />
    </CallInfo>
  </Access>
  <Token Text=";" UId="55" />
  <NewLine Num="1" UId="56" />
  <Access Scope="Call" UId="57">
    <CallInfo UId="58" BlockType="FC">
      <Instance Scope="GlobalVariable" UId="59">
        <Component Name="UnitTestsPalletStraightTypes" UId="60" />
      </Instance>
      <Token Text="(" UId="61" />
      <Token Text=")" UId="62" />
    </CallInfo>
  </Access>
  <Token Text=";" UId="63" />
  <NewLine Num="1" UId="64" />
  <Access Scope="Call" UId="65">
    <CallInfo UId="66" BlockType="FC">
      <Instance Scope="GlobalVariable" UId="67">
        <Component Name="UnitTestPalletAgv" UId="68" />
      </Instance>
      <Token Text="(" UId="69" />
      <Token Text=")" UId="70" />
    </CallInfo>
  </Access>
  <Token Text=";" UId="71" />
  <NewLine Num="1" UId="72" />
  <Access Scope="Call" UId="73">
    <CallInfo UId="74" BlockType="FC">
      <Instance Scope="GlobalVariable" UId="75">
        <Component Name="UnitTestsPalletForkliftTypes" UId="76" />
      </Instance>
      <Token Text="(" UId="77" />
      <Token Text=")" UId="78" />
    </CallInfo>
  </Access>
  <Token Text=";" UId="79" />
  <NewLine Num="1" UId="80" />
  <Access Scope="Call" UId="81">
    <CallInfo UId="82" BlockType="FC">
      <Instance Scope="GlobalVariable" UId="83">
        <Component Name="UnitTestsPalletTurntableTypes" UId="84" />
      </Instance>
      <Token Text="(" UId="85" />
      <Token Text=")" UId="86" />
    </CallInfo>
  </Access>
  <Token Text=";" UId="87" />
  <NewLine Num="1" UId="88" />
  <Access Scope="Call" UId="89">
    <CallInfo UId="90" BlockType="FC">
      <Instance Scope="GlobalVariable" UId="91">
        <Component Name="UnitTestsPalletLhdTypes" UId="92" />
      </Instance>
      <Token Text="(" UId="93" />
      <Token Text=")" UId="94" />
    </CallInfo>
  </Access>
  <Token Text=";" UId="95" />
  <NewLine Num="1" UId="96" />
  <Access Scope="Call" UId="97">
    <CallInfo UId="98" BlockType="FC">
      <Instance Scope="GlobalVariable" UId="99">
        <Component Name="UnitTestsCaseRatTypes" UId="100" />
      </Instance>
      <Token Text="(" UId="101" />
      <Token Text=")" UId="102" />
    </CallInfo>
  </Access>
  <Token Text=";" UId="103" />
  <NewLine Num="1" UId="104" />
  <Access Scope="Call" UId="105">
    <CallInfo UId="106" BlockType="FC">
      <Instance Scope="GlobalVariable" UId="107">
        <Component Name="UnitTestsCaseMergeTypes" UId="108" />
      </Instance>
      <Token Text="(" UId="109" />
      <Token Text=")" UId="110" />
    </CallInfo>
  </Access>
  <Token Text=";" UId="111" />
  <NewLine Num="1" UId="112" />
  <Access Scope="Call" UId="113">
    <CallInfo UId="114" BlockType="FC">
      <Instance Scope="GlobalVariable" UId="115">
        <Component Name="UnitTestsConveyorInterfaces" UId="116" />
      </Instance>
      <Token Text="(" UId="117" />
      <Token Text=")" UId="118" />
    </CallInfo>
  </Access>
  <Token Text=";" UId="119" />
  <NewLine Num="1" UId="120" />
  <Access Scope="Call" UId="121">
    <CallInfo UId="122" BlockType="FC">
      <Instance Scope="GlobalVariable" UId="123">
        <Component Name="UnitTestsCaseMerge" UId="124" />
      </Instance>
      <Token Text="(" UId="125" />
      <Token Text=")" UId="126" />
    </CallInfo>
  </Access>
  <Token Text=";" UId="127" />
  <NewLine Num="1" UId="128" />
  <Access Scope="Call" UId="129">
    <CallInfo UId="130" BlockType="FC">
      <Instance Scope="GlobalVariable" UId="131">
        <Component Name="UnitTestsSorter" UId="132" />
      </Instance>
      <Token Text="(" UId="133" />
      <Token Text=")" UId="134" />
    </CallInfo>
  </Access>
  <Token Text=";" UId="135" />
  <NewLine Num="1" UId="136" />
  <Token Text="END_REGION" UId="137" />
</StructuredText></NetworkSource>
          <ProgrammingLanguage>SCL</ProgrammingLanguage>
        </AttributeList>
        <ObjectList>
          <MultilingualText ID="9" CompositionName="Comment">
            <ObjectList>
              <MultilingualTextItem ID="A" CompositionName="Items">
                <AttributeList>
                  <Culture>en-US</Culture>
                  <Text />
                </AttributeList>
              </MultilingualTextItem>
              <MultilingualTextItem ID="B" CompositionName="Items">
                <AttributeList>
                  <Culture>nl-BE</Culture>
                  <Text />
                </AttributeList>
              </MultilingualTextItem>
              <MultilingualTextItem ID="C" CompositionName="Items">
                <AttributeList>
                  <Culture>de-DE</Culture>
                  <Text />
                </AttributeList>
              </MultilingualTextItem>
              <MultilingualTextItem ID="D" CompositionName="Items">
                <AttributeList>
                  <Culture>fr-FR</Culture>
                  <Text />
                </AttributeList>
              </MultilingualTextItem>
              <MultilingualTextItem ID="E" CompositionName="Items">
                <AttributeList>
                  <Culture>en-GB</Culture>
                  <Text />
                </AttributeList>
              </MultilingualTextItem>
              <MultilingualTextItem ID="F" CompositionName="Items">
                <AttributeList>
                  <Culture>es-ES</Culture>
                  <Text />
                </AttributeList>
              </MultilingualTextItem>
            </ObjectList>
          </MultilingualText>
          <MultilingualText ID="10" CompositionName="Title">
            <ObjectList>
              <MultilingualTextItem ID="11" CompositionName="Items">
                <AttributeList>
                  <Culture>en-US</Culture>
                  <Text />
                </AttributeList>
              </MultilingualTextItem>
              <MultilingualTextItem ID="12" CompositionName="Items">
                <AttributeList>
                  <Culture>nl-BE</Culture>
                  <Text />
                </AttributeList>
              </MultilingualTextItem>
              <MultilingualTextItem ID="13" CompositionName="Items">
                <AttributeList>
                  <Culture>de-DE</Culture>
                  <Text />
                </AttributeList>
              </MultilingualTextItem>
              <MultilingualTextItem ID="14" CompositionName="Items">
                <AttributeList>
                  <Culture>fr-FR</Culture>
                  <Text />
                </AttributeList>
              </MultilingualTextItem>
              <MultilingualTextItem ID="15" CompositionName="Items">
                <AttributeList>
                  <Culture>en-GB</Culture>
                  <Text />
                </AttributeList>
              </MultilingualTextItem>
              <MultilingualTextItem ID="16" CompositionName="Items">
                <AttributeList>
                  <Culture>es-ES</Culture>
                  <Text />
                </AttributeList>
              </MultilingualTextItem>
            </ObjectList>
          </MultilingualText>
        </ObjectList>
      </SW.Blocks.CompileUnit>
      <MultilingualText ID="17" CompositionName="Title">
        <ObjectList>
          <MultilingualTextItem ID="18" CompositionName="Items">
            <AttributeList>
              <Culture>en-US</Culture>
              <Text />
            </AttributeList>
          </MultilingualTextItem>
          <MultilingualTextItem ID="19" CompositionName="Items">
            <AttributeList>
              <Culture>nl-BE</Culture>
              <Text />
            </AttributeList>
          </MultilingualTextItem>
          <MultilingualTextItem ID="1A" CompositionName="Items">
            <AttributeList>
              <Culture>de-DE</Culture>
              <Text />
            </AttributeList>
          </MultilingualTextItem>
          <MultilingualTextItem ID="1B" CompositionName="Items">
            <AttributeList>
              <Culture>fr-FR</Culture>
              <Text />
            </AttributeList>
          </MultilingualTextItem>
          <MultilingualTextItem ID="1C" CompositionName="Items">
            <AttributeList>
              <Culture>en-GB</Culture>
              <Text />
            </AttributeList>
          </MultilingualTextItem>
          <MultilingualTextItem ID="1D" CompositionName="Items">
            <AttributeList>
              <Culture>es-ES</Culture>
              <Text />
            </AttributeList>
          </MultilingualTextItem>
        </ObjectList>
      </MultilingualText>
    </ObjectList>
  </SW.Blocks.FC>
</Document>
  