{
  "modeltype": "Loop",
  "children": {
    "101140": {
      "blocktype": "PalletInfeedType01",
      "children": {
        "transport": {
          "children": {
            "drivex": {
              "id": "",
              "input": {
                "ISOL": "CT101140_MTR_ISOL_OK",
                "RDY": "CT101140_MTR_RDY"
              },
              "modeltype": "Movi",
              "output": {
                "EN": "CT101140_MTR_ENB",
                "F2": "CT101140_MTR_F2",
                "FWD": "CT101140_MTR_FWD",
                "REV": "CT101140_MTR_REV"
              }
            }
          },
          "id": "",
          "input": {
            "FLP": "CT101140_FLP_P1",
            "X_OCC2": "CT101140_PE_OCC_P2"
          },
          "modeltype": "Roller",
          "output": {}
        },
        "lhd": {
          "modeltype": "LHD",
          "id": ""
        }
      },
      "id": "101140",
      "junctions": [
        [
          null,
          "101150",
          null,
          null
        ]
      ],
      "mechtype": "CT",
      "modeltype": "Conveyor",
      "name": "CT101140"
    },
    "101145": {
      "blocktype": "PalletAgvStraightDSLinde",
      "children": {
        "transport": {
          "modeltype": "Roller",
          "children": {
            "drivex": {
              "id": "",
              "input": {
                "ISOL": "RT101145_MTR_ISOL_OK",
                "RDY": "RT101145_MTR_RDY"
              },
              "modeltype": "Movi",
              "output": {
                "EN": "RT101145_MTR_ENB",
                "F2": "RT101145_MTR_F2",
                "FWD": "RT101145_MTR_FWD",
                "REV": "RT101145_MTR_REV"
              }
            }
          },
          "id": "",
          "input": {
            "X_OCC2": "RT101145_PE_OCC_P2",
            "FLP": "RT101145_TruckDetection"
          },
          "output": {}
        },
        "lhd": {
          "modeltype": "LindeStationLhd",
          "id": "",
          "input": {
            "AGV": "RT101145_AgvinRange"
          }
        }
      },
      "id": "101145",
      "junctions": [
        [
          null,
          "101150",
          null,
          null
        ]
      ],
      "mechtype": "RT",
      "modeltype": "Conveyor",
      "name": "RT101145"
    },
    "101150": {
      "blocktype": "PalletLiftTableType04",
      "children": {
        "lift": {
          "children": {
            "drive": {
              "id": "",
              "input": {
                "ISOL": "RX101150_LFT_MTR_ISOL_OK",
                "RDY": "RX101150_LFT_MTR_RDY"
              },
              "modeltype": "Movi",
              "output": {
                "EN": "RX101150_LFT_MTR_ENB",
                "F2": "RX101150_LFT_MTR_F2",
                "FWD": "RX101150_LFT_MTR_FWD",
                "REV": "RX101150_LFT_MTR_REV"
              }
            }
          },
          "id": "",
          "input": {
            "DN": "RX101150_PX_DOWN",
            "MID": "RX101150_PX_MID",
            "UP": "RX101150_PX_UP"
          },
          "modeltype": "Lift",
          "output": {}
        },
        "transport": {
          "children": {
            "drivex": {
              "id": "",
              "input": {
                "ISOL": "RX101150_MTR_ISOL_OK",
                "RDY": "RX101150_MTR_RDY"
              },
              "modeltype": "Movi",
              "output": {
                "EN": "RX101150_MTR_ENB",
                "F2": "RX101150_MTR_F2",
                "FWD": "RX101150_MTR_FWD",
                "REV": "RX101150_MTR_REV"
              }
            },
            "drivey": {
              "id": "",
              "input": {
                "ISOL": "RX101150_C_MTR_ISOL_OK",
                "RDY": "RX101150_C_MTR_RDY"
              },
              "modeltype": "Movi",
              "output": {
                "EN": "RX101150_C_MTR_ENB",
                "F2": "RX101150_C_MTR_F2",
                "FWD": "RX101150_C_MTR_FWD",
                "REV": "RX101150_C_MTR_REV"
              }
            }
          },
          "id": "",
          "input": {
            "X_OCC2": "RX101150_PE_OCC_P2"
          },
          "modeltype": "Roller",
          "output": {}
        }
      },
      "id": "101150",
	  "orientation": 1,
      "junctions": [
        [
          "101145",
          "101160",
          "101140",
          "101155"
        ]
      ],
      "mechtype": "RX",
      "modeltype": "Conveyor",
      "name": "RX101150"
    },
    "101155": {
      "blocktype": "PalletStraightType01",
      "children": {
        "transport": {
          "children": {
            "drivex": {
              "id": "",
              "input": {
              },
              "modeltype": "Movi",
              "output": {
                "EN": "RX101150_C_MTR_ENB",
                "F2": "RX101150_C_MTR_F2",
                "FWD": "RX101150_C_MTR_FWD",
                "REV": "RX101150_C_MTR_REV"
              }
            }
          },
          "id": "",
          "input": {
            "X_EC1": "CT101155_PE_EC",
            "X_OCC2": "CT101155_PE_OCC_P2"
          },
          "modeltype": "Roller",
          "output": {}
        }
      },
      "id": "101155",
      "junctions": [
        [
          "101150",
          "101165",
          null,
          null
        ]
      ],
      "mechtype": "CT",
      "modeltype": "Conveyor",
      "name": "CT101155"
    },
    "101160": {
      "blocktype": "PalletAgvStraightPSLinde",
      "children": {
        "transport": {
          "modeltype": "Roller",
          "children": {
            "drivex": {
              "id": "",
              "input": {
                "ISOL": "RT101160_MTR_ISOL_OK",
                "RDY": "RT101160_MTR_RDY"
              },
              "modeltype": "Movi",
              "output": {
                "EN": "RT101160_MTR_ENB",
                "F2": "RT101160_MTR_F2",
                "FWD": "RT101160_MTR_FWD",
                "REV": "RT101160_MTR_REV"
              }
            }
          },
          "id": "",
          "input": {
            "X_OCC2": "RT101160_PE_OCC_P2",
            "FLP": "RT101160_TRUCK_DETECTION"
          },
          "output": {}
        },
        "lhd": {
          "modeltype": "LindeStationLhd",
          "id": "",
          "input": {
            "AGV": "RT101160_IS_AGV_INRANGE"
          }
        }
      },
      "id": "101160",
      "junctions": [
        [
          "101150",
          null,
          null,
          null
        ]
      ],
      "mechtype": "RT",
      "modeltype": "Conveyor",
      "name": "RT101160"
    },
    "101165": {
      "blocktype": "PalletOutfeedType01",
      "children": {
        "transport": {
          "children": {
            "drivex": {
              "id": "",
              "input": {
                "ISOL": "RT101165_MTR_ISOL_OK",
                "RDY": "RT101165_MTR_RDY"
              },
              "modeltype": "Movi",
              "output": {
                "EN": "RT101165_MTR_ENB",
                "F2": "RT101165_MTR_F2",
                "FWD": "RT101165_MTR_FWD",
                "REV": "RT101165_MTR_REV"
              }
            }
          },
          "id": "",
          "input": {
            "FLP": "RT101165_FLP_P2",
            "X_OCC2": "RT101165_PE_OCC_P2"
          },
          "modeltype": "Roller",
          "output": {}
        },
        "lhd": {
          "modeltype": "LHD",
          "id": ""
        }
      },
      "id": "101165",
      "junctions": [
        [
          "101155",
          null,
          null,
          null
        ]
      ],
      "mechtype": "CT",
      "modeltype": "Conveyor",
      "name": "CT101165"
    },
    "101170": {
      "blocktype": "PalletAgvDSEgeminType02",
      "children": {
        "transport": {
          "children": {
            "drivex": {
              "id": "",
              "input": {
                "ISOL": "RT101170_MTR_ISOL_OK",
                "RDY": "RT101170_MTR_RDY"
              },
              "modeltype": "Movi",
              "output": {
                "EN": "RT101170_MTR_ENB",
                "F2": "RT101170_MTR_F2",
                "FWD": "RT101170_MTR_FWD",
                "REV": "RT101170_MTR_REV"
              }
            }
          },
          "id": "",
          "input": {
            "X_OCC2": "RT101170_PE_OCC_P2"
          },
          "modeltype": "Roller",
          "output": {}
        },
        "lhd": {
          "modeltype": "LHD",
          "id": ""
        }
      },
      "id": "101170",
	  "orientation": 0,
      "junctions": [
        [
          null,
          "101180",
          null,
          null
        ]
      ],
      "mechtype": "RT",
      "modeltype": "Conveyor",
      "name": "RT101170"
    },
    "101180": {
      "blocktype": "PalletStraightType01",
      "children": {
        "transport": {
          "children": {
            "drivex": {
              "id": "",
              "input": {
                "ISOL": "RT101180_MTR_ISOL_OK",
                "RDY": "RT101180_MTR_RDY"
              },
              "modeltype": "Movi",
              "output": {
                "EN": "RT101180_MTR_ENB",
                "F2": "RT101180_MTR_F2",
                "FWD": "RT101180_MTR_FWD",
                "REV": "RT101180_MTR_REV"
              }
            }
          },
          "id": "",
          "input": {
            "X_OCC1": "RT101180_PE_OCC_P1",
            "X_OCC2": "RT101180_PE_OCC_P2"
          },
          "modeltype": "Roller",
          "output": {}
        }
      },
      "id": "101180",
      "junctions": [
        [
          "101170",
          "101190",
          null,
          null
        ]
      ],
      "mechtype": "RT",
      "modeltype": "Conveyor",
      "name": "RT101180"
    },
    "101190": {
      "blocktype": "PalletAgvPSEgeminType02",
      "children": {
        "transport": {
          "children": {
            "drivex": {
              "id": "",
              "input": {
                "ISOL": "RT101190_MTR_ISOL_OK",
                "RDY": "RT101190_MTR_RDY"
              },
              "modeltype": "Movi",
              "output": {
                "EN": "RT101190_MTR_ENB",
                "F2": "RT101190_MTR_F2",
                "FWD": "RT101190_MTR_FWD",
                "REV": "RT101190_MTR_REV"
              }
            }
          },
          "id": "",
          "input": {
            "X_OCC2": "RT101190_PE_OCC_P2"
          },
          "modeltype": "Roller",
          "output": {}
        }
      },
      "id": "101190",
      "junctions": [
        [
          "101180",
          null,
          null,
          null
        ]
      ],
      "mechtype": "RT",
      "modeltype": "Conveyor",
      "name": "RT101190"
    },
    "102201": {
      "blocktype": "PalletAgvDSEgeminType01",
      "children": {
        "transport": {
          "modeltype": "Roller",
          "children": {
            "drivex": {
              "id": "",
              "input": {
                "ISOL": "RT102201_MTR_ISOL_OK",
                "RDY": "RT102201_MTR_RDY"
              },
              "modeltype": "Movi",
              "output": {
                "EN": "RT102201_MTR_ENB",
                "F2": "RT102201_MTR_F2",
                "FWD": "RT102201_MTR_FWD",
                "REV": "RT102201_MTR_REV"
              }
            }
          },
          "id": "",
          "input": {
            "X_GC2": "RT102201_GAP_PE",
            "X_OCC2": "RT102201_PE_OCC_P2"
          },
          "output": {}
        },
        "lhd": {
          "modeltype": "EgeminDSLhd",
          "id": "",
          "input": {
            "RDY": "RT102201_inReady",
            "COM": "RT102201_inCom",
            "OK": "RT102201_inOk"
          },
          "output": {
            "RDY_OUT": "RT102201_outAsk",
            "COM_OUT": "RT102201_outCom",
            "OK_OUT": "RT102201_outOk"
          }
        }
      },
      "id": "102201",
      "mechtype": "RT",
      "modeltype": "Conveyor",
      "name": "RT102201"
    },
    "102202": {
      "blocktype": "PalletAgvPSEgeminType01",
      "children": {
        "transport": {
          "children": {
            "drivex": {
              "id": "",
              "input": {
                "ISOL": "RT102202_MTR_ISOL_OK",
                "RDY": "RT102202_MTR_RDY"
              },
              "modeltype": "Movi",
              "output": {
                "EN": "RT102202_MTR_ENB",
                "F2": "RT102202_MTR_F2",
                "FWD": "RT102202_MTR_FWD",
                "REV": "RT102202_MTR_REV"
              }
            }
          },
          "id": "",
          "input": {
            "X_GC2": "RT102202_PE_GC",
            "X_OCC2": "RT102202_PE_OCC_P2"
          },
          "modeltype": "Roller",
          "output": {}
        },
        "lhd": {
          "modeltype": "EgeminPSLhd",
          "id": "",
          "input": {
            "RDY": "RT102202_inAgvAsk",
            "COM": "RT102202_inAgvComm",
            "OK": "RT102202_inAgvOk"
          },
          "output": {
            "RDY_OUT": "RT102202_outConvReady",
            "COM_OUT": "RT102202_outConvComm",
            "OK_OUT": "RT102202_outConvOk"
          }
        }
      },
      "id": "102202",
      "mechtype": "RT",
      "modeltype": "Conveyor",
      "name": "RT102202"
    }
  }
}