{
  "modeltype": "Loop",
  "children": {
    "BT200005": {
      "blocktype": "CaseTransportType01",
      "children": {
        "transport": {
          "children": {
            "drivex": {
              "id": "",
              "input": {
              },
              "modeltype": "Ecc",
              "output": {
                "RUN": "BT200005_MTR_RUN"
              },
              "input": {
                "ON": "BT200005_MR_ON"
              }
            }
          },
          "id": "",
          "input": {
            "X_OCC2": "BT200005_PE_P"
          },
          "modeltype": "Belt",
          "output": {}
        },
        "scanner": {
          "id": "",
          "input": {
            "barcode[1]": "BT200005_TR_P2.barcode[1]",
            "barcode[2]": "BT200005_TR_P2.barcode[2]",
            "barcode[3]": "BT200005_TR_P2.barcode[3]",
            "barcode[4]": "BT200005_TR_P2.barcode[4]",
            "barcode[5]": "BT200005_TR_P2.barcode[5]",
            "barcode[6]": "BT200005_TR_P2.barcode[6]",
            "barcode[7]": "BT200005_TR_P2.barcode[7]",
            "barcode[8]": "BT200005_TR_P2.barcode[8]",
            "barcode[9]": "BT200005_TR_P2.barcode[9]",
            "barcode[10]": "BT200005_TR_P2.barcode[10]",
            "barcode[11]": "BT200005_TR_P2.barcode[11]",
            "barcode[12]": "BT200005_TR_P2.barcode[12]",
            "barcode[13]": "BT200005_TR_P2.barcode[13]",
            "barcode[14]": "BT200005_TR_P2.barcode[14]",
            "barcode[15]": "BT200005_TR_P2.barcode[15]",
            "barcode[16]": "BT200005_TR_P2.barcode[16]",
            "barcode[17]": "BT200005_TR_P2.barcode[17]",
            "barcode[18]": "BT200005_TR_P2.barcode[18]",
            "barcode[19]": "BT200005_TR_P2.barcode[19]",
            "barcode[20]": "BT200005_TR_P2.barcode[20]",
            "barcode[21]": "BT200005_TR_P2.barcode[21]",
            "barcode[22]": "BT200005_TR_P2.barcode[22]",
            "barcode[23]": "BT200005_TR_P2.barcode[23]",
            "barcode[24]": "BT200005_TR_P2.barcode[24]",
            "COMPLETE": "BT200005_TR_P2.readComplete"
          },
          "modeltype": "Scanner"
        },
        "sick": {
          "modeltype": "ScannerSick",
          "ctrl_tag": "BT200005_SC_controlWord",
          "status_tag": "BT200005_SC_statusWord",
          "data_in_tag": "BT200005_SC_DataIn",
          "data_out_tag": "BT200005_SC_DataOut"
        },
        "ppi": {
          "modeltype": "PulseEncoder",
          "input": {
            "PULSE": "BT200005_PPI"
          }
        }
      },
      "mechtype": "BT",
      "modeltype": "Conveyor",
      "name": "BT200005",
      "id": "BT200005",
      "junctions": [
        [
          null,
          null,
          null,
          null
        ]
      ]
    },
    "200010": {
      "blocktype": "CaseTransportType01",
      "children": {
        "transport": {
          "children": {
            "drivex": {
              "modeltype": "NordVfd",
              "id": "",
              "input": {
                "OK": "RT200010_MTR_ISOL_OK",
                "FLT": "RT200010_MTR_FLT"
              },
              "output": {
              },
              "nord_in_tag": "RT200010_MTR_IN",
              "nord_out_tag": "RT200010_MTR_OUT"
            }
          },
          "id": "",
          "input": {
            "X_OCC2": "RT200010_PE_P"
          },
          "modeltype": "Roller",
          "output": {}
        },
        "lhd": {
          "modeltype": "LHD",
          "id": ""
        }
      },
      "id": "200010",
      "junctions": [
        [
          null,
          null,
          null,
          null
        ]
      ],
      "mechtype": "RT",
      "modeltype": "Conveyor",
      "name": "RT200010"
    },
    "RX200030": {
      "blocktype": "CaseRatType04",
      "children": {
        "transport": {
          "children": {
            "drivex": {
              "id": "",
              "input": {
                "OK": "RX200030_ROL1_OK",
                "FLT": "RX200030_ROL1_FLT",
                "WRN": "RX200030_ROL1_WRN",
                "TEST": "RX200030_ROL1_TEST"
              },
              "modeltype": "Ecc",
              "output": {
                "RUN": "BT200030_ROL1_RUN"
              }
            },
            "drivey": {
              "id": "",
              "input": {
                "OK": "RX200030_BLT1_OK",
                "FLT": "RX200030_BLT1_FLT",
                "WRN": "RX200030_BLT1_WRN",
                "TEST": "RX200030_BLT1_TEST"
              },
              "modeltype": "Ecc",
              "output": {
                "RUN": "BT200030_BLT1_RUN"
              }
            }
          },
          "id": "",
          "input": {
            "X_OCC2": "RX200030_PE_P",
            "X_GC1": "RX200030_PE_C_P1",
            "X_GC2": "RX200030_PE_C_P2",
            "Y_GC1": "RX200030_PE_C_P3",
            "Y_GC2": "RX200030_PE_C_P4"
          },
          "modeltype": "Roller",
          "output": {}
        }
      },
      "mechtype": "RX",
      "modeltype": "Conveyor",
      "name": "RX200030",
      "id": "RX200030",
      "junctions": [
        [
          null,
          null,
          null,
          null
        ]
      ]
    },
    "RX200040": {
      "blocktype": "CaseRatType01",
      "children": {
        "transport": {
          "children": {
            "drivex": {
              "id": "",
              "input": {
                "OK": "RX200040_ROL1_OK",
                "FLT": "RX200040_ROL1_FLT",
                "WRN": "RX200040_ROL1_WRN",
                "TEST": "RX200040_ROL1_TEST"
              },
              "modeltype": "Ecc",
              "output": {
                "RUN": "RX200040_ROL1_RUN"
              }
            },
            "drivey": {
              "id": "",
              "input": {
                "OK": "RX200040_BLT1_OK",
                "FLT": "RX200040_BLT1_FLT",
                "WRN": "RX200040_BLT1_WRN",
                "TEST": "RX200040_BLT1_TEST"
              },
              "modeltype": "Ecc",
              "output": {
                "RUN": "RX200040_BLT1_RUN"
              }
            }
          },
          "id": "",
          "input": {
            "X_OCC2": "RX200040_PE_P",
            "X_GC1": "RX200040_PE_C_P1",
            "X_GC2": "RX200040_PE_C_P2",
            "Y_GC1": "RX200040_PE_C_P3",
            "Y_GC2": "RX200040_PE_C_P4"
          },
          "modeltype": "Roller",
          "output": {}
        }
      },
      "mechtype": "RX",
      "modeltype": "Conveyor",
      "name": "RX200040",
      "id": "RX200040",
      "junctions": [
        [
          null,
          null,
          null,
          null
        ]
      ]
    },
    "RT200060": {
      "blocktype": "CaseTransportType01T",
      "children": {
        "transport": {
          "children": {
            "drivex": {
              "id": "",
              "input": {
                "RDY": "RT200060_MR_ON"
              },
              "modeltype": "Movi",
              "output": {
                "FWD": "RT200060_MTR_RUN"
              }
            }
          },
          "id": "",
          "input": {
              "X_OCC2": "RT200060_PE_P"
          },
          "modeltype": "Roller",
          "output": {}
        }
      },
      "mechtype": "RT",
      "modeltype": "Conveyor",
      "name": "RT200060",
      "id": "RT200060",
      "junctions": [
        [
          null,
          null,
          null,
          null
        ]
      ]
    },
    "RX200065": {
      "blocktype": "CaseRatType07T",
      "children": {
        "transport": {
          "children": {
            "drivex": {
              "id": "",
              "input": {
                "OK": "RX200065_ROL1_OK",
                "FLT": "RX200065_ROL1_FLT",
                "WRN": "RX200065_ROL1_WRN",
                "TEST": "RX200065_ROL1_TEST"
              },
              "modeltype": "Ecc",
              "output": {
                "RUN": "RX200065_ROL1_RUN"
              }
            },
            "drivey": {
              "id": "",
              "input": {
                "OK": "RX200065_BLT1_OK",
                "FLT": "RX200065_BLT1_FLT",
                "WRN": "RX200065_BLT1_WRN",
                "TEST": "RX200065_BLT1_TEST"
              },
              "modeltype": "Ecc",
              "output": {
                "RUN": "RX200065_BLT1_RUN"
              }
            }
          },
          "id": "",
          "input": {
            "X_OCC2": "RX200065_PE_P",
            "X_GC1": "RX200065_PE_C_P1",
            "X_GC2": "RX200065_PE_C_P2",
            "Y_GC1": "RX200065_PE_C_P3",
            "RST": "RX200065_CB_RESTART",
            "RIGHT": "RX200065_CB_RIGHT",
            "MAN": "RX200065_CB_MANUAL",
            "LEFT": "RX200065_CB_LEFT"
          },
          "modeltype": "Roller",
          "output": {
              "SOL": "RX200065_SOL"
          }
        }
      },
      "mechtype": "RX",
      "modeltype": "Conveyor",
      "name": "RX200065",
      "id": "RX200065",
      "junctions": [
        [
          null,
          null,
          null,
          null
        ]
      ]
    },
    "BT200070_01": {
      "blocktype": "CaseTransportType01T",
      "children": {
        "transport": {
          "children": {
            "drivex": {
              "id": "",
              "input": {
                  "OK": "BT200070_01_MR_ON"
              },
              "modeltype": "Ecc",
              "output": {
                "RUN": "BT200070_01_MTR_RUN"
              }
            }
          },
          "id": "",
          "input": {
              "X_OCC2": "BT200070_01_PE_OCC_P2"
          },
          "modeltype": "Belt",
          "output": {}
        }
      },
      "mechtype": "RT",
      "modeltype": "Conveyor",
      "name": "BT200070_01",
      "id": "BT200070_01",
      "junctions": [
        [
          null,
          null,
          null,
          null
        ]
      ]
    },
    "BT200070_02": {
      "blocktype": "CaseTransportType01T",
      "children": {
        "transport": {
          "children": {
            "drivex": {
              "id": "",
              "input": {
                  "OK": "BT200070_02_MR_ON"
              },
              "modeltype": "Ecc",
              "output": {
                "RUN": "BT200070_02_MTR_RUN"
              }
            }
          },
          "id": "",
          "input": {
              "X_OCC2": "BT200070_02_PE_OCC_P2"
          },
          "modeltype": "Belt",
          "output": {}
        }
      },
      "mechtype": "RT",
      "modeltype": "Conveyor",
      "name": "BT200070_02",
      "id": "BT200070_02",
      "junctions": [
        [
          null,
          null,
          null,
          null
        ]
      ]
    },
    "BT200070_03": {
      "blocktype": "CaseTransportType01T",
      "children": {
        "transport": {
          "children": {
            "drivex": {
              "id": "",
              "input": {
                  "OK": "BT200070_03_MR_ON"
              },
              "modeltype": "Ecc",
              "output": {
                "RUN": "BT200070_03_MTR_RUN"
              }
            }
          },
          "id": "",
          "input": {
              "X_OCC2": "BT200070_03_PE_OCC_P2"
          },
          "modeltype": "Belt",
          "output": {}
        }
      },
      "mechtype": "RT",
      "modeltype": "Conveyor",
      "name": "BT200070_03",
      "id": "BT200070_03",
      "junctions": [
        [
          null,
          null,
          null,
          null
        ]
      ]
    },
    "BT200070_04": {
      "blocktype": "CaseTransportType01T",
      "children": {
        "transport": {
          "children": {
            "drivex": {
              "id": "",
              "input": {
                  "OK": "BT200070_04_MR_ON"
              },
              "modeltype": "Ecc",
              "output": {
                "RUN": "BT200070_04_MTR_RUN"
              }
            }
          },
          "id": "",
          "input": {
              "X_OCC2": "BT200070_04_PE_OCC_P2"
          },
          "modeltype": "Belt",
          "output": {}
        }
      },
      "mechtype": "RT",
      "modeltype": "Conveyor",
      "name": "BT200070_04",
      "id": "BT200070_04",
      "junctions": [
        [
          null,
          null,
          null,
          null
        ]
      ]
    },
    "RX200075": {
      "blocktype": "CaseRatType05T",
      "children": {
        "transport": {
          "children": {
            "drivex": {
              "id": "",
              "input": {
                "OK": "RX200075_ROL1_OK",
                "FLT": "RX200075_ROL1_FLT",
                "WRN": "RX200075_ROL1_WRN",
                "TEST": "RX200075_ROL1_TEST"
              },
              "modeltype": "Ecc",
              "output": {
                "RUN": "RX200075_ROL1_RUN"
              }
            },
            "drivey": {
              "id": "",
              "input": {
                "OK": "RX200075_BLT1_OK",
                "FLT": "RX200075_BLT1_FLT",
                "WRN": "RX200075_BLT1_WRN",
                "TEST": "RX200075_BLT1_TEST"
              },
              "modeltype": "Ecc",
              "output": {
                "RUN": "RX200075_BLT1_RUN"
              }
            }
          },
          "id": "",
          "input": {
            "X_OCC2": "RX200075_PE_P",
            "X_GC1": "RX200075_PE_P_P1",
            "X_GC2": "RX200075_PE_P_P2"
          },
          "modeltype": "Roller",
          "output": {
              "SOL": "RX200075_SOL",
              "STOP": "RX200075_SOL_CS"
          }
        }
      },
      "mechtype": "RX",
      "modeltype": "Conveyor",
      "name": "RX200075",
      "id": "RX200075",
      "junctions": [
        [
          null,
          null,
          null,
          null
        ]
      ]
    },
    "RX200085": {
      "blocktype": "CaseRatType05T",
      "children": {
        "transport": {
          "children": {
            "drivex": {
              "id": "",
              "input": {
                "OK": "RX200085_ROL1_OK",
                "FLT": "RX200085_ROL1_FLT",
                "WRN": "RX200085_ROL1_WRN",
                "TEST": "RX200085_ROL1_TEST"
              },
              "modeltype": "Ecc",
              "output": {
                "RUN": "RX200085_ROL1_RUN"
              }
            },
            "drivey": {
              "id": "",
              "input": {
                "OK": "RX200085_BLT1_OK",
                "FLT": "RX200085_BLT1_FLT",
                "WRN": "RX200085_BLT1_WRN",
                "TEST": "RX200085_BLT1_TEST"
              },
              "modeltype": "Ecc",
              "output": {
                "RUN": "RX200085_BLT1_RUN"
              }
            }
          },
          "id": "",
          "input": {
            "X_OCC2": "RX200085_PE_P",
            "X_GC1": "RX200085_PE_P_P1",
            "X_GC2": "RX200085_PE_P_P2"
          },
          "modeltype": "Roller",
          "output": {
              "SOL": "RX200085_SOL",
              "STOP": "RX200085_SOL_CS"
          }
        }
      },
      "mechtype": "RX",
      "modeltype": "Conveyor",
      "name": "RX200085",
      "id": "RX200085",
      "junctions": [
        [
          null,
          null,
          null,
          null
        ]
      ]
    },
    "RX200095": {
      "blocktype": "CaseRatType05T",
      "children": {
        "transport": {
          "children": {
            "drivex": {
              "id": "",
              "input": {
                "OK": "RX200095_ROL1_OK",
                "FLT": "RX200095_ROL1_FLT",
                "WRN": "RX200095_ROL1_WRN",
                "TEST": "RX200095_ROL1_TEST"
              },
              "modeltype": "Ecc",
              "output": {
                "RUN": "RX200095_ROL1_RUN"
              }
            },
            "drivey": {
              "id": "",
              "input": {
                "OK": "RX200095_BLT1_OK",
                "FLT": "RX200095_BLT1_FLT",
                "WRN": "RX200095_BLT1_WRN",
                "TEST": "RX200095_BLT1_TEST"
              },
              "modeltype": "Ecc",
              "output": {
                "RUN": "RX200095_BLT1_RUN"
              }
            }
          },
          "id": "",
          "input": {
            "X_OCC2": "RX200095_PE_P",
            "X_GC1": "RX200095_PE_P_P1",
            "X_GC2": "RX200095_PE_P_P2"
          },
          "modeltype": "Roller",
          "output": {
              "SOL": "RX200095_SOL",
              "STOP": "RX200095_SOL_CS"
          }
        }
      },
      "mechtype": "RX",
      "modeltype": "Conveyor",
      "name": "RX200095",
      "id": "RX200095",
      "junctions": [
        [
          null,
          null,
          null,
          null
        ]
      ]
    },
    "RT200105": {
      "blocktype": "CaseTransportType01",
      "children": {
        "transport": {
          "children": {
            "drivex": {
              "id": "",
              "input": {
                  "RDY": "RT200105_MR_ON"
              },
              "modeltype": "Movi",
              "output": {
                "FWD": "RT200105_MTR_RUN"
              }
            }
          },
          "id": "",
          "input": {
              "X_EC1": "RT200105_PE_EC_P1",
              "X_OCC2": "RT200105_PE_P"
          },
          "modeltype": "Roller",
          "output": {}
        }
      },
      "mechtype": "RT",
      "modeltype": "Conveyor",
      "name": "RT200105",
      "id": "RT200105",
      "junctions": [
        [
          null,
          null,
          null,
          null
        ]
      ]
    },
    "RT200115": {
      "blocktype": "CaseTransportType01T",
      "children": {
        "transport": {
          "children": {
            "drivex": {
              "id": "",
              "input": {
                  "RDY": "RT200115_MR_ON"
              },
              "modeltype": "Movi",
              "output": {
                "FWD": "RT200115_MTR_RUN"
              }
            }
          },
          "id": "",
          "input": {
              "X_OCC2": "RT200115_PE_P"
          },
          "modeltype": "Roller",
          "output": {}
        }
      },
      "mechtype": "RT",
      "modeltype": "Conveyor",
      "name": "RT200115",
      "id": "RT200115",
      "junctions": [
        [
          null,
          null,
          null,
          null
        ]
      ]
    },
    "RT200120_K10_1": {
      "blocktype": "CaseTransportType01",
      "children": {
        "transport": {
          "children": {
            "drivex": {
              "id": "",
              "input": {
              },
              "modeltype": "Ecc",
              "output": {
                "RUN": "_MTR_RUN"
              }
            }
          },
          "id": "",
          "input": {
          },
          "modeltype": "Roller",
          "output": {}
        }
      },
      "mechtype": "RT",
      "modeltype": "Conveyor",
      "name": "RT200120_K10_1",
      "id": "RT200120_K10_1",
      "junctions": [
        [
          null,
          null,
          null,
          null
        ]
      ]
    },
    "RT200120_K10_2": {
      "blocktype": "CaseTransportType01",
      "children": {
        "transport": {
          "children": {
            "drivex": {
              "id": "",
              "input": {
              },
              "modeltype": "Ecc",
              "output": {
                "RUN": "_MTR_RUN"
              }
            }
          },
          "id": "",
          "input": {
          },
          "modeltype": "Roller",
          "output": {}
        }
      },
      "mechtype": "RT",
      "modeltype": "Conveyor",
      "name": "RT200120_K10_2",
      "id": "RT200120_K10_2",
      "junctions": [
        [
          null,
          null,
          null,
          null
        ]
      ]
    },
    "RT200120_K10_3": {
      "blocktype": "CaseTransportType01",
      "children": {
        "transport": {
          "children": {
            "drivex": {
              "id": "",
              "input": {
              },
              "modeltype": "Ecc",
              "output": {
                "RUN": "_MTR_RUN"
              }
            }
          },
          "id": "",
          "input": {
          },
          "modeltype": "Roller",
          "output": {}
        }
      },
      "mechtype": "RT",
      "modeltype": "Conveyor",
      "name": "RT200120_K10_3",
      "id": "RT200120_K10_3",
      "junctions": [
        [
          null,
          null,
          null,
          null
        ]
      ]
    },
    "RT200135_K10_1": {
      "blocktype": "CaseTransportType01",
      "children": {
        "transport": {
          "children": {
            "drivex": {
              "id": "",
              "input": {
              },
              "modeltype": "Ecc",
              "output": {
                "RUN": "_MTR_RUN"
              }
            }
          },
          "id": "",
          "input": {
          },
          "modeltype": "Roller",
          "output": {}
        }
      },
      "mechtype": "RT",
      "modeltype": "Conveyor",
      "name": "RT200135_K10_1",
      "id": "RT200135_K10_1",
      "junctions": [
        [
          null,
          null,
          null,
          null
        ]
      ]
    },
    "RT200135_K10_2": {
      "blocktype": "CaseTransportType01",
      "children": {
        "transport": {
          "children": {
            "drivex": {
              "id": "",
              "input": {
              },
              "modeltype": "Ecc",
              "output": {
                "RUN": "_MTR_RUN"
              }
            }
          },
          "id": "",
          "input": {
          },
          "modeltype": "Roller",
          "output": {}
        }
      },
      "mechtype": "RT",
      "modeltype": "Conveyor",
      "name": "RT200135_K10_2",
      "id": "RT200135_K10_2",
      "junctions": [
        [
          null,
          null,
          null,
          null
        ]
      ]
    },
    "RT200135_K10_3": {
      "blocktype": "CaseTransportType01",
      "children": {
        "transport": {
          "children": {
            "drivex": {
              "id": "",
              "input": {
              },
              "modeltype": "Ecc",
              "output": {
                "RUN": "_MTR_RUN"
              }
            }
          },
          "id": "",
          "input": {
          },
          "modeltype": "Roller",
          "output": {}
        }
      },
      "mechtype": "RT",
      "modeltype": "Conveyor",
      "name": "RT200135_K10_3",
      "id": "RT200135_K10_3",
      "junctions": [
        [
          null,
          null,
          null,
          null
        ]
      ]
    },
    "RT200135_K10_4": {
      "blocktype": "CaseTransportType01",
      "children": {
        "transport": {
          "children": {
            "drivex": {
              "id": "",
              "input": {
              },
              "modeltype": "Ecc",
              "output": {
                "RUN": "_MTR_RUN"
              }
            }
          },
          "id": "",
          "input": {
          },
          "modeltype": "Roller",
          "output": {}
        }
      },
      "mechtype": "RT",
      "modeltype": "Conveyor",
      "name": "RT200135_K10_4",
      "id": "RT200135_K10_4",
      "junctions": [
        [
          null,
          null,
          null,
          null
        ]
      ]
    },
    "RT200145_K10_1": {
      "blocktype": "CaseTransportType01",
      "children": {
        "transport": {
          "children": {
            "drivex": {
              "id": "",
              "input": {
              },
              "modeltype": "Ecc",
              "output": {
                "RUN": "_MTR_RUN"
              }
            }
          },
          "id": "",
          "input": {
          },
          "modeltype": "Roller",
          "output": {}
        }
      },
      "mechtype": "RT",
      "modeltype": "Conveyor",
      "name": "RT200145_K10_1",
      "id": "RT200145_K10_1",
      "junctions": [
        [
          null,
          null,
          null,
          null
        ]
      ]
    },
    "RT200145_K10_2": {
      "blocktype": "CaseTransportType01",
      "children": {
        "transport": {
          "children": {
            "drivex": {
              "id": "",
              "input": {
              },
              "modeltype": "Ecc",
              "output": {
                "RUN": "_MTR_RUN"
              }
            }
          },
          "id": "",
          "input": {
          },
          "modeltype": "Roller",
          "output": {}
        }
      },
      "mechtype": "RT",
      "modeltype": "Conveyor",
      "name": "RT200145_K10_2",
      "id": "RT200145_K10_2",
      "junctions": [
        [
          null,
          null,
          null,
          null
        ]
      ]
    },
    "RT200145_K10_3": {
      "blocktype": "CaseTransportType01",
      "children": {
        "transport": {
          "children": {
            "drivex": {
              "id": "",
              "input": {
              },
              "modeltype": "Ecc",
              "output": {
                "RUN": "_MTR_RUN"
              }
            }
          },
          "id": "",
          "input": {
          },
          "modeltype": "Roller",
          "output": {}
        }
      },
      "mechtype": "RT",
      "modeltype": "Conveyor",
      "name": "RT200145_K10_3",
      "id": "RT200145_K10_3",
      "junctions": [
        [
          null,
          null,
          null,
          null
        ]
      ]
    },
    "RX200150": {
      "blocktype": "CaseRatType06",
      "children": {
        "transport": {
          "children": {
            "drivex": {
              "id": "",
              "input": {
              },
              "modeltype": "Ecc",
              "output": {
                "RUN": "_MTR_RUN"
              }
            }
          },
          "id": "",
          "input": {
          },
          "modeltype": "Roller",
          "output": {}
        }
      },
      "mechtype": "RX",
      "modeltype": "Conveyor",
      "name": "RX200150",
      "id": "RX200150",
      "junctions": [
        [
          null,
          null,
          null,
          null
        ]
      ]
    },
    "BT200160": {
      "blocktype": "CaseTransportType01",
      "children": {
        "transport": {
          "children": {
            "drivex": {
              "modeltype": "AsiNordVfdDriveType01",
              "id": "",
              "input": {
                "ISOL": "BT200160_BLT1_ISOL_OK",
                "RDY": "BT200160_BLT1_ERR",
                "ON": "BT200160_BLT1_RUN"
              },
              "output": {
                "SS1": "BT200160_BLT1_SPD_1",
                "SS2": "BT200160_BLT1_SPD_2",
                "EN": "BT200160_BLT1_ENAB",
                "RST": "BT200160_BLT1_RESET"
              }
            }
          },
          "id": "",
          "input": {
            "X_OCC2": "BT200160_PE_P"
          },
          "modeltype": "Roller",
          "output": {}
        },
        "lhd": {
          "modeltype": "LHD",
          "id": ""
        }
      },
      "id": "BT200160",
      "junctions": [
        [
          null,
          null,
          null,
          null
        ]
      ],
      "mechtype": "RT",
      "modeltype": "Conveyor",
      "name": "BT200160"
    },
    "RX200165": {
      "blocktype": "CaseSwdDunker",
      "children": {
        "transport": {
          "children": {
            "drivex": {
              "id": "",
              "input": {
                "OK": "RX200165_SWD1_OK",
                "FLT": "RX200165_SWD1_FLT",
                "WRN": "RX200165_SWD1_WRN",
                "TEST": "RX200165_SWD1_TEST"
              },
              "modeltype": "Ecc",
              "output": {
                "RUN": "RX200165_ROL1_RUN",
                "DIR": "RX200165_ROL1_DIR",
                "SS1": "RX200165_ROL1_SS1",
                "SS2": "RX200165_ROL1_SS2"
              }
            }
          },
          "id": "",
          "input": {
              "U": "RX200165_PE_U",
              "C": "RX200165_PE_C"
          },
          "modeltype": "Roller",
          "output": {}
        }
      },
      "mechtype": "RX",
      "modeltype": "Conveyor",
      "name": "RX200165",
      "id": "RX200165",
      "junctions": [
        [
          null,
          null,
          null,
          null
        ]
      ]
    },
    "RX200170": {
      "blocktype": "CaseSwdDunker",
      "children": {
        "transport": {
          "children": {
            "drivex": {
              "id": "",
              "input": {
              },
              "modeltype": "Ecc",
              "output": {
                "RUN": "_MTR_RUN"
              }
            }
          },
          "id": "",
          "input": {
              "U": "RX200170_PE_U",
              "JL": "RX200170_PE_JL",
              "JR": "RX200170_PE_JR"
          },
          "modeltype": "Roller",
          "output": {}
        }
      },
      "mechtype": "RX",
      "modeltype": "Conveyor",
      "name": "RX200170",
      "id": "RX200170",
      "junctions": [
        [
          null,
          null,
          null,
          null
        ]
      ]
    },
    "RX200170_SWD1": {
      "blocktype": "CaseSwdDunker",
      "children": {
        "transport": {
          "children": {
            "drivex": {
              "id": "",
              "input": {
              },
              "modeltype": "Ecc",
              "output": {
                "RUN": "_MTR_RUN"
              }
            }
          },
          "id": "",
          "input": {
          },
          "modeltype": "Roller",
          "output": {}
        },
        "swd": {
            "modeltype": "SteeringWheelDivert",
            "input": {
                "stat1_tag": "RX200170_Servo1_StatBit1",
                "stat2_tag": "RX200170_Servo1_StatBit2",
                "ready_tag": "RX200170_Servo1_StatBit3"
            },
            "output": {
                "enable_tag": "RX200170_Servo1_Enab",
                "left_tag": "RX200170_Servo1_Div_Left",
                "right_tag": "RX200170_Servo1_Div_Right"
            }
        }
      },
      "mechtype": "RX",
      "modeltype": "Conveyor",
      "name": "RX200170_SWD1",
      "id": "RX200170_SWD1",
      "junctions": [
        [
          null,
          null,
          null,
          null
        ]
      ]
    },
    "RX200170_SWD2": {
      "blocktype": "CaseSwdDunker",
      "children": {
        "transport": {
          "children": {
            "drivex": {
              "id": "",
              "input": {
              },
              "modeltype": "Ecc",
              "output": {
                "RUN": "_MTR_RUN"
              }
            }
          },
          "id": "",
          "input": {
          },
          "modeltype": "Roller",
          "output": {}
        },
        "swd": {
            "modeltype": "SteeringWheelDivert",
            "input": {
                "stat1_tag": "RX200170_Servo2_StatBit1",
                "stat2_tag": "RX200170_Servo2_StatBit2",
                "ready_tag": "RX200170_Servo2_StatBit3"
            },
            "output": {
                "enable_tag": "RX200170_Servo2_Enab",
                "left_tag": "RX200170_Servo2_Div_Left",
                "right_tag": "RX200170_Servo2_Div_Right"
            }
        }
      },
      "mechtype": "RX",
      "modeltype": "Conveyor",
      "name": "RX200170_SWD2",
      "id": "RX200170_SWD2",
      "junctions": [
        [
          null,
          null,
          null,
          null
        ]
      ]
    },
    "RX200175_SWD1": {
      "blocktype": "CaseSwdDunker",
      "children": {
        "transport": {
          "children": {
            "drivex": {
              "id": "",
              "input": {
              },
              "modeltype": "Ecc",
              "output": {
                "RUN": "_MTR_RUN"
              }
            }
          },
          "id": "",
          "input": {
          },
          "modeltype": "Roller",
          "output": {}
        },
        "swd": {
            "modeltype": "SteeringWheelDivert",
            "input": {
                "stat1_tag": "RX200175_Servo1_StatBit1",
                "stat2_tag": "RX200175_Servo1_StatBit2",
                "ready_tag": "RX200175_Servo1_StatBit3"
            },
            "output": {
                "enable_tag": "RX200175_Servo1_Enab",
                "left_tag": "RX200175_Servo1_Div_Left",
                "right_tag": "RX200175_Servo1_Div_Right"
            }
        }
      },
      "mechtype": "RX",
      "modeltype": "Conveyor",
      "name": "RX200175_SWD1",
      "id": "RX200175_SWD1",
      "junctions": [
        [
          null,
          null,
          null,
          null
        ]
      ]
    },
    "RX200175_SWD2": {
      "blocktype": "CaseSwdDunker",
      "children": {
        "transport": {
          "children": {
            "drivex": {
              "id": "",
              "input": {
              },
              "modeltype": "Ecc",
              "output": {
                "RUN": "_MTR_RUN"
              }
            }
          },
          "id": "",
          "input": {
              "X_OCC1": "RX200175_PE_U",
              "UNUSED_1": "RX200175_PE_JR"
          },
          "modeltype": "Roller",
          "output": {}
        },
        "swd": {
            "modeltype": "SteeringWheelDivert",
            "input": {
                "stat1_tag": "RX200175_Servo2_StatBit1",
                "stat2_tag": "RX200175_Servo2_StatBit2",
                "ready_tag": "RX200175_Servo2_StatBit3"
            },
            "output": {
                "enable_tag": "RX200175_Servo2_Enab",
                "left_tag": "RX200175_Servo2_Div_Left",
                "right_tag": "RX200175_Servo2_Div_Right"
            }
        }
      },
      "mechtype": "RX",
      "modeltype": "Conveyor",
      "name": "RX200175_SWD2",
      "id": "RX200175_SWD2",
      "junctions": [
        [
          null,
          null,
          null,
          null
        ]
      ]
    },
    "RX200175_SWD3": {
      "blocktype": "CaseSwdDunker",
      "children": {
        "transport": {
          "children": {
            "drivex": {
              "id": "",
              "input": {
              },
              "modeltype": "Ecc",
              "output": {
                "RUN": "_MTR_RUN"
              }
            }
          },
          "id": "",
          "input": {
          },
          "modeltype": "Roller",
          "output": {}
        },
        "swd": {
            "modeltype": "SteeringWheelDivert",
            "input": {
                "stat1_tag": "RX200175_Servo3_StatBit1",
                "stat2_tag": "RX200175_Servo3_StatBit2",
                "ready_tag": "RX200175_Servo3_StatBit3"
            },
            "output": {
                "enable_tag": "RX200175_Servo3_Enab",
                "left_tag": "RX200175_Servo3_Div_Left",
                "right_tag": "RX200175_Servo3_Div_Right"
            }
        }
      },
      "mechtype": "RX",
      "modeltype": "Conveyor",
      "name": "RX200175_SWD3",
      "id": "RX200175_SWD3",
      "junctions": [
        [
          null,
          null,
          null,
          null
        ]
      ]
    },
    "BT200200": {
      "blocktype": "CaseNarrowBeltSorterType01",
      "children": {
        "transport": {
          "children": {
            "drivex": {
              "id": "",
              "input": {
                "FLT": "BT200200_MTR_FLT",
                "ISOL": "BT200200_MTR_ISOL_OK"
              },
              "modeltype": "Asi",
              "output": {
                "B0": "BT200200_MTR_B0",
                "B1": "BT200200_MTR_B1",
                "B2": "BT200200_MTR_B2",
                "B3": "BT200200_MTR_B3"
              }
            }
          },
          "id": "",
          "input": {
              "X_OCC2": "BT200200_PE_P2",
              "D1": "BT200200_PE_D1",
              "D2": "BT200200_PE_D2",
              "UNUSED1": "BT200200_PE_U"
          },
          "modeltype": "Roller",
          "output": {}
        }
      },
      "mechtype": "RT",
      "modeltype": "Conveyor",
      "name": "BT200200",
      "id": "BT200200",
      "junctions": [
        [
          null,
          null,
          null,
          null
        ]
      ]
    },
    "RT200210_K10_1": {
      "blocktype": "CaseTransportType01",
      "children": {
        "transport": {
          "children": {
            "drivex": {
              "id": "",
              "input": {
              },
              "modeltype": "Ecc",
              "output": {
                "RUN": "_MTR_RUN"
              }
            }
          },
          "id": "",
          "input": {
          },
          "modeltype": "Roller",
          "output": {}
        }
      },
      "mechtype": "RT",
      "modeltype": "Conveyor",
      "name": "RT200210_K10_1",
      "id": "RT200210_K10_1",
      "junctions": [
        [
          null,
          null,
          null,
          null
        ]
      ]
    },
    "RT200220_K10_1": {
      "blocktype": "CaseTransportType01",
      "children": {
        "transport": {
          "children": {
            "drivex": {
              "id": "",
              "input": {
              },
              "modeltype": "Ecc",
              "output": {
                "RUN": "_MTR_RUN"
              }
            }
          },
          "id": "",
          "input": {
          },
          "modeltype": "Roller",
          "output": {}
        }
      },
      "mechtype": "RT",
      "modeltype": "Conveyor",
      "name": "RT200220_K10_1",
      "id": "RT200220_K10_1",
      "junctions": [
        [
          null,
          null,
          null,
          null
        ]
      ]
    },
    "RT200225_K10_1": {
      "blocktype": "CaseTransportType01",
      "children": {
        "transport": {
          "children": {
            "drivex": {
              "id": "",
              "input": {
              },
              "modeltype": "Ecc",
              "output": {
                "RUN": "_MTR_RUN"
              }
            }
          },
          "id": "",
          "input": {
          },
          "modeltype": "Roller",
          "output": {}
        }
      },
      "mechtype": "RT",
      "modeltype": "Conveyor",
      "name": "RT200225_K10_1",
      "id": "RT200225_K10_1",
      "junctions": [
        [
          null,
          null,
          null,
          null
        ]
      ]
    },
    "RT200505": {
      "blocktype": "CaseTransportType01",
      "children": {
        "transport": {
          "children": {
            "drivex": {
              "id": "",
              "input": {
                "FLT": "RT200505_MTR_FLT",
                "ISOL": "RT200505_MTR_ISOL_OK"
              },
              "modeltype": "Asi",
              "output": {
                "B0": "RT200505_MTR_B0",
                "B1": "RT200505_MTR_B1",
                "B2": "RT200505_MTR_B2",
                "B3": "RT200505_MTR_B3"
              }
            }
          },
          "id": "",
          "input": {
              "X_OCC2": "RT200505_PE_P"
          },
          "modeltype": "Roller",
          "output": {}
        }
      },
      "mechtype": "RT",
      "modeltype": "Conveyor",
      "name": "RT200505",
      "id": "RT200505",
      "junctions": [
        [
          null,
          null,
          null,
          null
        ]
      ]
    },
    "RT200620": {
      "blocktype": "CaseTransportType01T",
      "children": {
        "transport": {
          "children": {
            "drivex": {
              "id": "",
              "input": {
                "OK": "RT200620_ROL1_OK",
                "FLT": "RT200620_ROL1_FLT",
                "WRN": "RT200620_ROL1_WRN",
                "TEST": "RT200620_ROL1_TEST"
              },
              "modeltype": "Ecc",
              "output": {
                "RUN": "RT200620_ROL1_RUN",
                "DIR": "RT200620_ROL1_DIR",
                "SS1": "RT200620_ROL1_SS1",
                "SS2": "RT200620_ROL1_SS2"
              }
            }
          },
          "id": "",
          "input": {
              "X_OCC2": "RT200620_PE_OCC_P2"
          },
          "modeltype": "Roller",
          "output": {}
        }
      },
      "mechtype": "RT",
      "modeltype": "Conveyor",
      "name": "RT200620",
      "id": "RT200620",
      "junctions": [
        [
          null,
          null,
          null,
          null
        ]
      ]
    },
    "RT200630": {
      "blocktype": "CaseTransportType01T",
      "children": {
        "transport": {
          "children": {
            "drivex": {
              "id": "",
              "input": {
                "OK": "RT200630_ROL1_OK",
                "FLT": "RT200630_ROL1_FLT",
                "WRN": "RT200630_ROL1_WRN",
                "TEST": "RT200630_ROL1_TEST"
              },
              "modeltype": "Ecc",
              "output": {
                "RUN": "RT200630_ROL1_RUN",
                "DIR": "RT200630_ROL1_DIR",
                "SS1": "RT200630_ROL1_SS1",
                "SS2": "RT200630_ROL1_SS2"
              }
            }
          },
          "id": "",
          "input": {
              "X_OCC2": "RT200630_PE_OCC_P2"
          },
          "modeltype": "Roller",
          "output": {}
        }
      },
      "mechtype": "RT",
      "modeltype": "Conveyor",
      "name": "RT200630",
      "id": "RT200630",
      "junctions": [
        [
          null,
          null,
          null,
          null
        ]
      ]
    },
    "RT200680": {
      "blocktype": "CaseTransportType01T",
      "children": {
        "transport": {
          "children": {
            "drivex": {
              "id": "",
              "input": {
                "OK": "RT200680_ROL1_OK",
                "FLT": "RT200680_ROL1_FLT"
              },
              "modeltype": "Ecc",
              "output": {
                "RUN": "RT200680_ROL1_RUN",
                "DIR": "RT200680_ROL1_DIR",
                "SS1": "RT200680_ROL1_SS1",
                "SS2": "RT200680_ROL1_SS2"
              }
            }
          },
          "id": "",
          "input": {
              "X_OCC2": "RT200680_PE_P"
          },
          "modeltype": "Roller",
          "output": {}
        }
      },
      "mechtype": "RT",
      "modeltype": "Conveyor",
      "name": "RT200680",
      "id": "RT200680",
      "junctions": [
        [
          null,
          null,
          null,
          null
        ]
      ]
    },
    "RT200680Int": {
      "blocktype": "SrmConveyorDSInterface",
      "modeltype": "ConveyorInterface",
      "id": "RT200680Int",
      "mechtype": "RT",
      "name": "RT200680Int",
      "in_interface": "SRM1_DS_STATUS_IN",
      "out_interface": "SRM1_DS_OUTPUTS",
      "output": {
      },
      "input": {
        "GAP": "RT200680_PE_GC"
      },
      "junctions": [
        [
          null,
          null,
          null,
          null
        ]
      ]
    },
    "RT200690": {
      "blocktype": "CaseTransportType01T",
      "children": {
        "transport": {
          "children": {
            "drivex": {
              "id": "",
              "input": {
                "OK": "RT200690_ROL1_OK",
                "FLT": "RT200690_ROL1_FLT"
              },
              "modeltype": "Ecc",
              "output": {
                "RUN": "RT200690_ROL1_RUN",
                "DIR": "RT200690_ROL1_DIR",
                "SS1": "RT200690_ROL1_SS1",
                "SS2": "RT200690_ROL1_SS2"
              }
            }
          },
          "id": "",
          "input": {
              "X_OCC2": "RT200690_PE_P"
          },
          "modeltype": "Roller",
          "output": {}
        }
      },
      "mechtype": "RT",
      "modeltype": "Conveyor",
      "name": "RT200690",
      "id": "RT200690",
      "junctions": [
        [
          null,
          null,
          null,
          null
        ]
      ]
    },
    "RT200730": {
      "blocktype": "CaseTransportType01T",
      "children": {
        "transport": {
          "children": {
            "drivex": {
              "id": "",
              "input": {
                "OK": "RT200730_ROL1_OK",
                "FLT": "RT200730_ROL1_FLT",
                "WRN": "RT200730_ROL1_WRN",
                "TEST": "RT200730_ROL1_TEST"
              },
              "modeltype": "Ecc",
              "output": {
                "RUN": "RT200730_ROL1_RUN",
                "DIR": "RT200730_ROL1_DIR",
                "SS1": "RT200730_ROL1_SS1",
                "SS2": "RT200730_ROL1_SS2"
              }
            }
          },
          "id": "",
          "input": {
              "X_OCC2": "RT200730_PE_P"
          },
          "modeltype": "Roller",
          "output": {}
        },
        "scanner": {
          "id": "",
          "input": {
            "barcode[1]": "RT200730_Scanner_IN.barcode[1]",
            "barcode[2]": "RT200730_Scanner_IN.barcode[2]",
            "barcode[3]": "RT200730_Scanner_IN.barcode[3]",
            "barcode[4]": "RT200730_Scanner_IN.barcode[4]",
            "barcode[5]": "RT200730_Scanner_IN.barcode[5]",
            "barcode[6]": "RT200730_Scanner_IN.barcode[6]",
            "barcode[7]": "RT200730_Scanner_IN.barcode[7]",
            "barcode[8]": "RT200730_Scanner_IN.barcode[8]",
            "barcode[9]": "RT200730_Scanner_IN.barcode[9]",
            "barcode[10]": "RT200730_Scanner_IN.barcode[10]",
            "barcode[11]": "RT200730_Scanner_IN.barcode[11]",
            "barcode[12]": "RT200730_Scanner_IN.barcode[12]",
            "barcode[13]": "RT200730_Scanner_IN.barcode[13]",
            "barcode[14]": "RT200730_Scanner_IN.barcode[14]",
            "barcode[15]": "RT200730_Scanner_IN.barcode[15]",
            "barcode[16]": "RT200730_Scanner_IN.barcode[16]",
            "barcode[17]": "RT200730_Scanner_IN.barcode[17]",
            "barcode[18]": "RT200730_Scanner_IN.barcode[18]",
            "barcode[19]": "RT200730_Scanner_IN.barcode[19]",
            "barcode[20]": "RT200730_Scanner_IN.barcode[20]",
            "barcode[21]": "RT200730_Scanner_IN.barcode[21]",
            "barcode[22]": "RT200730_Scanner_IN.barcode[22]",
            "barcode[23]": "RT200730_Scanner_IN.barcode[23]",
            "barcode[24]": "RT200730_Scanner_IN.barcode[24]",
            "COMPLETE": "RT200730_Scanner_IN.readComplete"
          },
        "modeltype": "Scanner",
        "output": {}
        }
      },
      "mechtype": "RT",
      "modeltype": "Conveyor",
      "name": "RT200730",
      "id": "RT200730",
      "junctions": [
        [
          null,
          null,
          null,
          null
        ]
      ]
    },
    "RT200740": {
      "blocktype": "CaseTransportType01T",
      "children": {
        "transport": {
          "children": {
            "drivex": {
              "id": "",
              "input": {
                "OK": "RT200740_ROL1_OK",
                "FLT": "RT200740_ROL1_FLT"
              },
              "modeltype": "Ecc",
              "output": {
                "RUN": "RT200740_ROL1_RUN",
                "DIR": "RT200740_ROL1_DIR",
                "SS1": "RT200740_ROL1_SS1",
                "SS2": "RT200740_ROL1_SS2"
              }
            }
          },
          "id": "",
          "input": {
              "X_OCC2": "RT200740_PE_P"
          },
          "modeltype": "Roller",
          "output": {}
        }
      },
      "mechtype": "RT",
      "modeltype": "Conveyor",
      "name": "RT200740",
      "id": "RT200740",
      "junctions": [
        [
          null,
          null,
          null,
          null
        ]
      ]
    },
    "RT200740Int": {
      "blocktype": "SrmConveyorDSInterface",
      "modeltype": "ConveyorInterface",
      "id": "RT200740Int",
      "mechtype": "RT",
      "name": "RT200740Int",
      "in_interface": "SRM1_INPUTS",
      "out_interface": "SRM1_OUTPUTS",
      "output": {
      },
      "input": {
        "GAP": "RT200740_PE_GC"
      },
      "junctions": [
        [
          null,
          null,
          null,
          null
        ]
      ]
    },
    "RT300005_01_Z1_BLT1": {
      "blocktype": "CaseTransportType01",
      "children": {
        "transport": {
          "children": {
            "drivex": {
              "id": "",
              "input": {
              },
              "modeltype": "Ecc",
              "output": {
                "RUN": "_MTR_RUN"
              }
            }
          },
          "id": "",
          "input": {
          },
          "modeltype": "Roller",
          "output": {}
        }
      },
      "mechtype": "RT",
      "modeltype": "Conveyor",
      "name": "RT300005_01_Z1_BLT1",
      "id": "RT300005_01_Z1_BLT1",
      "junctions": [
        [
          null,
          null,
          null,
          null
        ]
      ]
    },
    "RT300005_01_Z2_ROL1": {
      "blocktype": "CaseTransportType01",
      "children": {
        "transport": {
          "children": {
            "drivex": {
              "id": "",
              "input": {
              },
              "modeltype": "Ecc",
              "output": {
                "RUN": "_MTR_RUN"
              }
            }
          },
          "id": "",
          "input": {
          },
          "modeltype": "Roller",
          "output": {}
        }
      },
      "mechtype": "RT",
      "modeltype": "Conveyor",
      "name": "RT300005_01_Z2_ROL1",
      "id": "RT300005_01_Z2_ROL1",
      "junctions": [
        [
          null,
          null,
          null,
          null
        ]
      ]
    },
    "RT300005_01_Z3_ROL1": {
      "blocktype": "CaseTransportType01",
      "children": {
        "transport": {
          "children": {
            "drivex": {
              "id": "",
              "input": {
              },
              "modeltype": "Ecc",
              "output": {
                "RUN": "_MTR_RUN"
              }
            }
          },
          "id": "",
          "input": {
          },
          "modeltype": "Roller",
          "output": {}
        }
      },
      "mechtype": "RT",
      "modeltype": "Conveyor",
      "name": "RT300005_01_Z3_ROL1",
      "id": "RT300005_01_Z3_ROL1",
      "junctions": [
        [
          null,
          null,
          null,
          null
        ]
      ]
    },
    "RT300005_02_Z1_ROL1": {
      "blocktype": "CaseTransportType01",
      "children": {
        "transport": {
          "children": {
            "drivex": {
              "id": "",
              "input": {
              },
              "modeltype": "Ecc",
              "output": {
                "RUN": "_MTR_RUN"
              }
            }
          },
          "id": "",
          "input": {
          },
          "modeltype": "Roller",
          "output": {}
        }
      },
      "mechtype": "RT",
      "modeltype": "Conveyor",
      "name": "RT300005_02_Z1_ROL1",
      "id": "RT300005_02_Z1_ROL1",
      "junctions": [
        [
          null,
          null,
          null,
          null
        ]
      ]
    },
    "RT300005_02_Z2_ROL1": {
      "blocktype": "CaseTransportType01",
      "children": {
        "transport": {
          "children": {
            "drivex": {
              "id": "",
              "input": {
              },
              "modeltype": "Ecc",
              "output": {
                "RUN": "_MTR_RUN"
              }
            }
          },
          "id": "",
          "input": {
          },
          "modeltype": "Roller",
          "output": {}
        }
      },
      "mechtype": "RT",
      "modeltype": "Conveyor",
      "name": "RT300005_02_Z2_ROL1",
      "id": "RT300005_02_Z2_ROL1",
      "junctions": [
        [
          null,
          null,
          null,
          null
        ]
      ]
    },
    "RT300005_02_Z3_ROL1": {
      "blocktype": "CaseTransportType01",
      "children": {
        "transport": {
          "children": {
            "drivex": {
              "id": "",
              "input": {
              },
              "modeltype": "Ecc",
              "output": {
                "RUN": "_MTR_RUN"
              }
            }
          },
          "id": "",
          "input": {
          },
          "modeltype": "Roller",
          "output": {}
        }
      },
      "mechtype": "RT",
      "modeltype": "Conveyor",
      "name": "RT300005_02_Z3_ROL1",
      "id": "RT300005_02_Z3_ROL1",
      "junctions": [
        [
          null,
          null,
          null,
          null
        ]
      ]
    },
    "RT300005_03_Z1_ROL1": {
      "blocktype": "CaseTransportType01",
      "children": {
        "transport": {
          "children": {
            "drivex": {
              "id": "",
              "input": {
              },
              "modeltype": "Ecc",
              "output": {
                "RUN": "_MTR_RUN"
              }
            }
          },
          "id": "",
          "input": {
          },
          "modeltype": "Roller",
          "output": {}
        }
      },
      "mechtype": "RT",
      "modeltype": "Conveyor",
      "name": "RT300005_03_Z1_ROL1",
      "id": "RT300005_03_Z1_ROL1",
      "junctions": [
        [
          null,
          null,
          null,
          null
        ]
      ]
    },
    "RT300050": {
      "blocktype": "CaseTransportType01",
      "children": {
        "transport": {
          "children": {
            "drivex": {
              "id": "",
              "input": {
                "FLT": "RT300050_MTR_FLT",
                "ISOL": "RT300050_MTR_ISOL_OK"
              },
              "modeltype": "Asi",
              "output": {
                "B0": "RT300050_MTR_B0",
                "B1": "RT300050_MTR_B1",
                "B2": "RT300050_MTR_B2",
                "B3": "RT300050_MTR_B3"
              }
            }
          },
          "id": "",
          "input": {
              "X_OCC2": "RT300050_PE_P",
              "INIT1": "RT300005_PS_OK"
          },
          "modeltype": "Roller",
          "output": {}
        }
      },
      "mechtype": "RT",
      "modeltype": "Conveyor",
      "name": "RT300050",
      "id": "RT300050",
      "junctions": [
        [
          null,
          null,
          null,
          null
        ]
      ]
    },
    "BT300060_K10_1_BLT1": {
      "blocktype": "CaseTransportType01",
      "children": {
        "transport": {
          "children": {
            "drivex": {
              "id": "",
              "input": {
              },
              "modeltype": "Ecc",
              "output": {
                "RUN": "_MTR_RUN"
              }
            }
          },
          "id": "",
          "input": {
          },
          "modeltype": "Belt",
          "output": {}
        }
      },
      "mechtype": "BT",
      "modeltype": "Conveyor",
      "name": "BT300060_K10_1_BLT1",
      "id": "BT300060_K10_1_BLT1",
      "junctions": [
        [
          null,
          null,
          null,
          null
        ]
      ]
    },
    "RT300065_K10_1_ROL1": {
      "blocktype": "CaseTransportType01",
      "children": {
        "transport": {
          "children": {
            "drivex": {
              "id": "",
              "input": {
              },
              "modeltype": "Ecc",
              "output": {
                "RUN": "_MTR_RUN"
              }
            }
          },
          "id": "",
          "input": {
          },
          "modeltype": "Roller",
          "output": {}
        }
      },
      "mechtype": "RT",
      "modeltype": "Conveyor",
      "name": "RT300065_K10_1_ROL1",
      "id": "RT300065_K10_1_ROL1",
      "junctions": [
        [
          null,
          null,
          null,
          null
        ]
      ]
    },
    "RT300065_K10_2_ROL1": {
      "blocktype": "CaseTransportType01",
      "children": {
        "transport": {
          "children": {
            "drivex": {
              "id": "",
              "input": {
              },
              "modeltype": "Ecc",
              "output": {
                "RUN": "_MTR_RUN"
              }
            }
          },
          "id": "",
          "input": {
          },
          "modeltype": "Roller",
          "output": {}
        }
      },
      "mechtype": "RT",
      "modeltype": "Conveyor",
      "name": "RT300065_K10_2_ROL1",
      "id": "RT300065_K10_2_ROL1",
      "junctions": [
        [
          null,
          null,
          null,
          null
        ]
      ]
    },
    "RT300065_K10_3_ROL1": {
      "blocktype": "CaseTransportType01",
      "children": {
        "transport": {
          "children": {
            "drivex": {
              "id": "",
              "input": {
              },
              "modeltype": "Ecc",
              "output": {
                "RUN": "_MTR_RUN"
              }
            }
          },
          "id": "",
          "input": {
          },
          "modeltype": "Roller",
          "output": {}
        }
      },
      "mechtype": "RT",
      "modeltype": "Conveyor",
      "name": "RT300065_K10_3_ROL1",
      "id": "RT300065_K10_3_ROL1",
      "junctions": [
        [
          null,
          null,
          null,
          null
        ]
      ]
    },
    "BT300070_K10_1_BLT1": {
      "blocktype": "CaseTransportType01",
      "children": {
        "transport": {
          "children": {
            "drivex": {
              "id": "",
              "input": {
              },
              "modeltype": "Ecc",
              "output": {
                "RUN": "_MTR_RUN"
              }
            }
          },
          "id": "",
          "input": {
          },
          "modeltype": "Belt",
          "output": {}
        }
      },
      "mechtype": "BT",
      "modeltype": "Conveyor",
      "name": "BT300070_K10_1_BLT1",
      "id": "BT300070_K10_1_BLT1",
      "junctions": [
        [
          null,
          null,
          null,
          null
        ]
      ]
    },
    "BT300080_K10_1_BLT1": {
      "blocktype": "CaseTransportType01",
      "children": {
        "transport": {
          "children": {
            "drivex": {
              "id": "",
              "input": {
              },
              "modeltype": "Ecc",
              "output": {
                "RUN": "_MTR_RUN"
              }
            }
          },
          "id": "",
          "input": {
          },
          "modeltype": "Belt",
          "output": {}
        }
      },
      "mechtype": "BT",
      "modeltype": "Conveyor",
      "name": "BT300080_K10_1_BLT1",
      "id": "BT300080_K10_1_BLT1",
      "junctions": [
        [
          null,
          null,
          null,
          null
        ]
      ]
    },
    "RT300085_K10_1_ROL1": {
      "blocktype": "CaseTransportType01",
      "children": {
        "transport": {
          "children": {
            "drivex": {
              "id": "",
              "input": {
              },
              "modeltype": "Ecc",
              "output": {
                "RUN": "_MTR_RUN"
              }
            }
          },
          "id": "",
          "input": {
          },
          "modeltype": "Roller",
          "output": {}
        }
      },
      "mechtype": "RT",
      "modeltype": "Conveyor",
      "name": "RT300085_K10_1_ROL1",
      "id": "RT300085_K10_1_ROL1",
      "junctions": [
        [
          null,
          null,
          null,
          null
        ]
      ]
    },
    "RT300085_K10_2_ROL1": {
      "blocktype": "CaseTransportType01",
      "children": {
        "transport": {
          "children": {
            "drivex": {
              "id": "",
              "input": {
              },
              "modeltype": "Ecc",
              "output": {
                "RUN": "_MTR_RUN"
              }
            }
          },
          "id": "",
          "input": {
          },
          "modeltype": "Roller",
          "output": {}
        }
      },
      "mechtype": "RT",
      "modeltype": "Conveyor",
      "name": "RT300085_K10_2_ROL1",
      "id": "RT300085_K10_2_ROL1",
      "junctions": [
        [
          null,
          null,
          null,
          null
        ]
      ]
    },
    "RT300085_K10_3_ROL1": {
      "blocktype": "CaseTransportType01",
      "children": {
        "transport": {
          "children": {
            "drivex": {
              "id": "",
              "input": {
              },
              "modeltype": "Ecc",
              "output": {
                "RUN": "_MTR_RUN"
              }
            }
          },
          "id": "",
          "input": {
          },
          "modeltype": "Roller",
          "output": {}
        }
      },
      "mechtype": "RT",
      "modeltype": "Conveyor",
      "name": "RT300085_K10_3_ROL1",
      "id": "RT300085_K10_3_ROL1",
      "junctions": [
        [
          null,
          null,
          null,
          null
        ]
      ]
    },
    "BT300090_K10_1_BLT1": {
      "blocktype": "CaseTransportType01",
      "children": {
        "transport": {
          "children": {
            "drivex": {
              "id": "",
              "input": {
              },
              "modeltype": "Ecc",
              "output": {
                "RUN": "_MTR_RUN"
              }
            }
          },
          "id": "",
          "input": {
          },
          "modeltype": "Belt",
          "output": {}
        }
      },
      "mechtype": "BT",
      "modeltype": "Conveyor",
      "name": "BT300090_K10_1_BLT1",
      "id": "BT300090_K10_1_BLT1",
      "junctions": [
        [
          null,
          null,
          null,
          null
        ]
      ]
    },
    "BT300100_K10_1_BLT1": {
      "blocktype": "CaseTransportType01",
      "children": {
        "transport": {
          "children": {
            "drivex": {
              "id": "",
              "input": {
              },
              "modeltype": "Ecc",
              "output": {
                "RUN": "_MTR_RUN"
              }
            }
          },
          "id": "",
          "input": {
          },
          "modeltype": "Belt",
          "output": {}
        }
      },
      "mechtype": "BT",
      "modeltype": "Conveyor",
      "name": "BT300100_K10_1_BLT1",
      "id": "BT300100_K10_1_BLT1",
      "junctions": [
        [
          null,
          null,
          null,
          null
        ]
      ]
    },
    "RT300105_K10_1_ROL1": {
      "blocktype": "CaseTransportType01",
      "children": {
        "transport": {
          "children": {
            "drivex": {
              "id": "",
              "input": {
              },
              "modeltype": "Ecc",
              "output": {
                "RUN": "_MTR_RUN"
              }
            }
          },
          "id": "",
          "input": {
          },
          "modeltype": "Roller",
          "output": {}
        }
      },
      "mechtype": "RT",
      "modeltype": "Conveyor",
      "name": "RT300105_K10_1_ROL1",
      "id": "RT300105_K10_1_ROL1",
      "junctions": [
        [
          null,
          null,
          null,
          null
        ]
      ]
    },
    "RT300105_K10_2_ROL1": {
      "blocktype": "CaseTransportType01",
      "children": {
        "transport": {
          "children": {
            "drivex": {
              "id": "",
              "input": {
              },
              "modeltype": "Ecc",
              "output": {
                "RUN": "_MTR_RUN"
              }
            }
          },
          "id": "",
          "input": {
          },
          "modeltype": "Roller",
          "output": {}
        }
      },
      "mechtype": "RT",
      "modeltype": "Conveyor",
      "name": "RT300105_K10_2_ROL1",
      "id": "RT300105_K10_2_ROL1",
      "junctions": [
        [
          null,
          null,
          null,
          null
        ]
      ]
    },
    "RT300105_K10_3_ROL1": {
      "blocktype": "CaseTransportType01",
      "children": {
        "transport": {
          "children": {
            "drivex": {
              "id": "",
              "input": {
              },
              "modeltype": "Ecc",
              "output": {
                "RUN": "_MTR_RUN"
              }
            }
          },
          "id": "",
          "input": {
          },
          "modeltype": "Roller",
          "output": {}
        }
      },
      "mechtype": "RT",
      "modeltype": "Conveyor",
      "name": "RT300105_K10_3_ROL1",
      "id": "RT300105_K10_3_ROL1",
      "junctions": [
        [
          null,
          null,
          null,
          null
        ]
      ]
    },
    "BT300110_K10_1_BLT1": {
      "blocktype": "CaseTransportType01",
      "children": {
        "transport": {
          "children": {
            "drivex": {
              "id": "",
              "input": {
                "OK": "BT300110_K10_1_MTR_OK",
                "FLT": "BT300110_K10_1_MTR_FLT",
                "WRN": "BT300110_K10_1_MTR_WRN",
                "TEST": "BT300110_K10_1_MTR_TEST"
              },
              "modeltype": "Ecc",
              "output": {
                "RUN": "BT300110_K10_1_MTR_RUN",
                "DIR": "BT300110_K10_1_MTR_DIR",
                "SS1": "BT300110_K10_1_MTR_SS1",
                "SS2": "BT300110_K10_1_MTR_SS2"
              }
            }
          },
          "id": "",
          "input": {
              "PE1": "BT300110_K10_1_PE_U",
              "PE2": "BT300110_K10_1_PE_P",
              "PE3": "BT300110_K10_1_PE_J"
          },
          "modeltype": "Belt",
          "output": {}
        }
      },
      "mechtype": "BT",
      "modeltype": "Conveyor",
      "name": "BT300110_K10_1_BLT1",
      "id": "BT300110_K10_1_BLT1",
      "junctions": [
        [
          null,
          null,
          null,
          null
        ]
      ]
    },
    "RA500005_01": {
      "blocktype": "CaseAccumMasterType01",
      "children": {
        "transport": {
          "children": {
            "drivex": {
              "id": "",
              "input": {
                "ON": "RA500005_01_MR_ON"
              },
              "modeltype": "Dol",
              "output": {
                "EN": "RA500005_01_MTR_RUN"
              }
            }
          },
          "id": "",
          "input": {
              "X_OCC2": "RA500005_01_PE_P_P2",
			  "X_100": "RA500005_01_PE_100"
          },
          "modeltype": "Roller",
          "output": {
			  "": "RA500005_01_SOL_DZC"
		  }
        }
      },
      "mechtype": "RT",
      "modeltype": "Conveyor",
      "name": "RA500005_01",
      "id": "RA500005_01",
      "junctions": [
        [
          null,
          null,
          null,
          null
        ]
      ]
    },
    "RT500010": {
      "blocktype": "CaseTransportType01",
      "children": {
        "transport": {
          "children": {
            "drivex": {
              "id": "",
              "input": {
                "FLT": "RT500010_MTR_FLT",
                "ISOL": "RT500010_MTR_ISOL_OK"
              },
              "modeltype": "Asi",
              "output": {
                "B0": "RT500010_MTR_B0",
                "B1": "RT500010_MTR_B1",
                "B2": "RT500010_MTR_B2",
                "B3": "RT500010_MTR_B3"
              }
            }
          },
          "id": "",
          "input": {
              "X_OCC2": "RT500010_PE_P"
          },
          "modeltype": "Roller",
          "output": {}
        }
      },
      "mechtype": "RT",
      "modeltype": "Conveyor",
      "name": "RT500010",
      "id": "RT500010",
      "junctions": [
        [
          null,
          null,
          null,
          null
        ]
      ]
    },
    "RX500025": {
      "blocktype": "CaseAccumRatType05T",
      "children": {
        "transport": {
          "children": {
            "drivex": {
              "id": "",
              "input": {
                "OK": "RX500025_ROL1_OK",
                "FLT": "RX500025_ROL1_FLT",
                "WRN": "RX500025_ROL1_WRN",
                "TEST": "RX500025_ROL1_TEST"
              },
              "modeltype": "Ecc",
              "output": {
                "RUN": "RX500025_ROL1_RUN"
              }
            },
            "drivey": {
              "id": "",
              "input": {
                "OK": "RX500025_BLT1_OK",
                "FLT": "RX500025_BLT1_FLT",
                "WRN": "RX500025_BLT1_WRN",
                "TEST": "RX500025_BLT1_TEST"
              },
              "modeltype": "Ecc",
              "output": {
                "RUN": "RX500025_MTR_RUN"
              }
            }
          },
          "id": "",
          "input": {
            "X_OCC2": "RX500025_PE_P",
            "RST": "RX200025_CB_RESTART",
            "RIGHT": "RX200025_CB_RIGHT",
            "MAN": "RX200025_CB_MANUAL",
            "LEFT": "RX200025_CB_LEFT"
          },
          "modeltype": "Roller",
          "output": {
              "SOL": "RX500025_SOL"
          }
        }
      },
      "mechtype": "RX",
      "modeltype": "Conveyor",
      "name": "RX500025",
      "id": "RX500025",
      "junctions": [
        [
          null,
          null,
          null,
          null
        ]
      ]
    },
    "RX500030": {
      "blocktype": "CaseAccumRatType05T",
      "children": {
        "transport": {
          "children": {
            "drivex": {
              "id": "",
              "input": {
              },
              "modeltype": "Ecc",
              "output": {
                "DIR": "RX500030_ROL1_DIR",
                "SS1": "RX500030_ROL1_SS1",
                "SS2": "RX500030_ROL1_SS2",
                "RUN": "RX500030_ROL1_RUN"
              }
            },
            "drivey": {
              "id": "",
              "input": {
                "OK": "RX500030_BLT1_OK",
                "FLT": "RX500030_BLT1_FLT",
                "WRN": "RX500030_BLT1_WRN",
                "TEST": "RX500030_BLT1_TEST"
              },
              "modeltype": "Ecc",
              "output": {
                "RUN": "RX500030_MTR_RUN"
              }
            }
          },
          "id": "",
          "input": {
            "X_OCC2": "RX500030_PE_P",
            "RST": "RX200025_CB_RESTART",
            "RIGHT": "RX200025_CB_RIGHT",
            "MAN": "RX200025_CB_MANUAL",
            "LEFT": "RX200025_CB_LEFT"
          },
          "modeltype": "Roller",
          "output": {
              "SOL": "RX500030_SOL"
          }
        }
      },
      "mechtype": "RX",
      "modeltype": "Conveyor",
      "name": "RX500030",
      "id": "RX500030",
      "junctions": [
        [
          null,
          null,
          null,
          null
        ]
      ]
    },
    "RX500060": {
      "blocktype": "CaseAccumRatType01",
      "children": {
        "transport": {
          "children": {
            "drivex": {
              "id": "",
              "input": {
              },
              "modeltype": "Ecc",
              "output": {
                "DIR": "RX500060_ROL1_DIR",
                "SS1": "RX500060_ROL1_SS1",
                "SS2": "RX500060_ROL1_SS2",
                "RUN": "RX500060_ROL1_RUN"
              }
            },
            "drivey": {
              "id": "",
              "input": {
                "OK": "RX500060_BLT1_OK",
                "FLT": "RX500060_BLT1_FLT",
                "WRN": "RX500060_BLT1_WRN",
                "TEST": "RX500060_BLT1_TEST"
              },
              "modeltype": "Ecc",
              "output": {
                "RUN": "RX500060_MTR_RUN"
              }
            }
          },
          "id": "",
          "input": {
            "X_OCC2": "RX500060_PE_P",
            "RST": "RX200025_CB_RESTART",
            "RIGHT": "RX200025_CB_RIGHT",
            "MAN": "RX200025_CB_MANUAL",
            "LEFT": "RX200025_CB_LEFT"
          },
          "modeltype": "Roller",
          "output": {
              "SOL": "RX500060_SOL"
          }
        }
      },
      "mechtype": "RX",
      "modeltype": "Conveyor",
      "name": "RX500060",
      "id": "RX500060",
      "junctions": [
        [
          null,
          null,
          null,
          null
        ]
      ]
    },
    "RX500125": {
      "blocktype": "CaseAccumRatType05T",
      "children": {
        "transport": {
          "children": {
            "drivex": {
              "id": "",
              "input": {
              },
              "modeltype": "Ecc",
              "output": {
                "DIR": "RX500125_ROL1_DIR",
                "SS1": "RX500125_ROL1_SS1",
                "SS2": "RX500125_ROL1_SS2",
                "RUN": "RX500125_ROL1_RUN"
              }
            },
            "drivey": {
              "id": "",
              "input": {
                "OK": "RX500125_BLT1_OK",
                "FLT": "RX500125_BLT1_FLT",
                "WRN": "RX500125_BLT1_WRN",
                "TEST": "RX500125_BLT1_TEST"
              },
              "modeltype": "Ecc",
              "output": {
                "RUN": "RX500125_MTR_RUN"
              }
            }
          },
          "id": "",
          "input": {
            "X_OCC2": "RX500125_PE_P",
            "RST": "RX200025_CB_RESTART",
            "RIGHT": "RX200025_CB_RIGHT",
            "MAN": "RX200025_CB_MANUAL",
            "LEFT": "RX200025_CB_LEFT"
          },
          "modeltype": "Roller",
          "output": {
              "SOL": "RX500125_SOL"
          }
        }
      },
      "mechtype": "RX",
      "modeltype": "Conveyor",
      "name": "RX500125",
      "id": "RX500125",
      "junctions": [
        [
          null,
          null,
          null,
          null
        ]
      ]
    },
    "RX500130": {
      "blocktype": "CaseAccumRatType05T",
      "children": {
        "transport": {
          "children": {
            "drivex": {
              "id": "",
              "input": {
              },
              "modeltype": "Ecc",
              "output": {
                "DIR": "RX500130_ROL1_DIR",
                "SS1": "RX500130_ROL1_SS1",
                "SS2": "RX500130_ROL1_SS2",
                "RUN": "RX500130_ROL1_RUN"
              }
            },
            "drivey": {
              "id": "",
              "input": {
                "OK": "RX500130_BLT1_OK",
                "FLT": "RX500130_BLT1_FLT",
                "WRN": "RX500130_BLT1_WRN",
                "TEST": "RX500130_BLT1_TEST"
              },
              "modeltype": "Ecc",
              "output": {
                "RUN": "RX500130_MTR_RUN"
              }
            }
          },
          "id": "",
          "input": {
            "X_OCC2": "RX500130_PE_P",
            "RST": "RX200025_CB_RESTART",
            "RIGHT": "RX200025_CB_RIGHT",
            "MAN": "RX200025_CB_MANUAL",
            "LEFT": "RX200025_CB_LEFT"
          },
          "modeltype": "Roller",
          "output": {
              "SOL": "RX500130_SOL"
          }
        }
      },
      "mechtype": "RX",
      "modeltype": "Conveyor",
      "name": "RX500130",
      "id": "RX500130",
      "junctions": [
        [
          null,
          null,
          null,
          null
        ]
      ]
    },
    "RX500210": {
      "blocktype": "CaseAccumRatType05T",
      "children": {
        "transport": {
          "children": {
            "drivex": {
              "id": "",
              "input": {
              },
              "modeltype": "Ecc",
              "output": {
                "DIR": "RX500210_ROL1_DIR",
                "SS1": "RX500210_ROL1_SS1",
                "SS2": "RX500210_ROL1_SS2",
                "RUN": "RX500210_ROL1_RUN"
              }
            },
            "drivey": {
              "id": "",
              "input": {
                "OK": "RX500210_BLT1_OK",
                "FLT": "RX500210_BLT1_FLT",
                "WRN": "RX500210_BLT1_WRN",
                "TEST": "RX500210_BLT1_TEST"
              },
              "modeltype": "Ecc",
              "output": {
                "RUN": "RX500210_MTR_RUN"
              }
            }
          },
          "id": "",
          "input": {
            "X_OCC2": "RX500210_PE_P",
            "RST": "RX200025_CB_RESTART",
            "RIGHT": "RX200025_CB_RIGHT",
            "MAN": "RX200025_CB_MANUAL",
            "LEFT": "RX200025_CB_LEFT"
          },
          "modeltype": "Roller",
          "output": {
              "SOL": "RX500210_SOL"
          }
        }
      },
      "mechtype": "RX",
      "modeltype": "Conveyor",
      "name": "RX500210",
      "id": "RX500210",
      "junctions": [
        [
          null,
          null,
          null,
          null
        ]
      ]
    },
    "RX500220": {
      "blocktype": "CaseAccumRatType05T",
      "children": {
        "transport": {
          "children": {
            "drivex": {
              "id": "",
              "input": {
                "OK": "RX500220_ROL1_OK",
                "FLT": "RX500220_ROL1_FLT",
                "WRN": "RX500220_ROL1_WRN",
                "TEST": "RX500220_ROL1_TEST"
              },
              "modeltype": "Ecc",
              "output": {
                "RUN": "RX500220_ROL1_RUN"
              }
            },
            "drivey": {
              "id": "",
              "input": {
                "OK": "RX500220_BLT1_OK",
                "FLT": "RX500220_BLT1_FLT",
                "WRN": "RX500220_BLT1_WRN",
                "TEST": "RX500220_BLT1_TEST"
              },
              "modeltype": "Ecc",
              "output": {
                "RUN": "RX500220_MTR_RUN"
              }
            }
          },
          "id": "",
          "input": {
            "X_OCC2": "RX500220_PE_P",
            "RST": "RX500220_CB_RESTART",
            "RIGHT": "RX500220_CB_RIGHT",
            "MAN": "RX500220_CB_MANUAL",
            "LEFT": "RX500220_CB_LEFT"
          },
          "modeltype": "Roller",
          "output": {
              "SOL": "RX500220_SOL"
          }
        }
      },
      "mechtype": "RX",
      "modeltype": "Conveyor",
      "name": "RX500220",
      "id": "RX500220",
      "junctions": [
        [
          null,
          null,
          null,
          null
        ]
      ]
    }
  }
}
