{
  "modeltype": "Loop",
  "children": {
	"EL100132": {
      "blocktype": "ConveyorElevatorType01",
      "children": {
        "lift": {
          "modeltype": "Elevator",
          "children": {
            "drive": {
              "modeltype": "G120",
              "id": "",
              "in_interface": "EL100132_MTR_IN",
              "out_interface": "EL100132_MTR_OUT",
              "input": {},
              "output": {}
            }
          },
          "id": "",
          "input": {
            "LHD" : "RT100132_PE_LHD_IN_POS",
            "GAP1" : "RT100132_PE_GC_P1",
            "GAP2" : "RT100132_PE_GC_P2",
            "HLIM" : "EL100132_HIGH_LIMIT_SWITCH",
            "LLIM" : "EL100132_LOW_LIMIT_SWITCH",
            "SLK" : "EL100132_SLK_RO",
            "OVR" : "EL100132_OV_SPD",
            "SAFE" : "EL100132_SAFETY_GEAR",
            "BRK1" : "EL100132_CH_BRK_1",
            "BRK2" : "EL100132_CH_BRK_2",
            "LCK1" : "EL100132_LOK_PIN_1",
            "LCK2" : "EL100132_LOK_PIN_2",
            "KEY" : "EL100132_MAINT_KEY",
            "UP" : "EL100132_MAINT_UP",
            "DN" : "EL100132_MAINT_DOWN",
            "EMS": "EL100132_ESTOP"
          },
          "output": {
            "ESL": "EL100132_ES_LAMP"
          }
        },
        "transport": {
          "children": {
            "drivex": {
              "id": "",
              "input": {
                "ISOL": "RT100132_ROL_ISOL_OK",
                "RDY": "RT100132_ROL_RDY"
              },
              "modeltype": "Movi",
              "output": {
                "EN": "RT100132_ROL_ENB",
                "F2": "RT100132_ROL_F2",
                "FWD": "RT100132_ROL_FWD",
                "REV": "RT100132_ROL_REV"
              }
            }
          },
          "id": "",
          "input": {
            "X_GC1": "RT100132_PE_GC_P1",
            "X_GC2": "RT100132_PE_GC_P2",
            "X_OCC1": "RT100132_PE_OCC_P1",
            "X_OCC2": "RT100132_PE_OCC_P2"
          },
          "modeltype": "Roller",
          "output": {}
        }
      },
      "id": "EL100132",
      "junctions": [
        [null, null, null, null],
        [null, null, null, null],
        [null, null, null, null]
      ],
      "mechtype": "RT",
      "modeltype": "Conveyor",
      "name": "EL100132"
    }
  }
}