{
  "modeltype": "Loop",
  "children": {
    "400000_02": {
      "blocktype": "CaseTransportType01",
      "children": {
        "transport": {
          "children": {
            "drivex": {
              "id": "",
              "input": {
                "FLT": "BT400000_02_BLT1_FLT",
                "OK": "BT400000_02_BLT1_OK"
              },
              "modeltype": "Ecc",
              "output": {
                "RUN": "BT400000_02_BLT1_RUN",
                "DIR": "BT400000_02_BLT1_DIR",
                "SS1": "BT400000_02_BLT1_SS1",
                "SS2": "BT400000_02_BLT1_SS2"
              }
            }
          },
          "id": "",
          "input": {
            "X_OCC2": "BT400000_02_PE_P"
          },
          "modeltype": "Belt",
          "output": {}
        },
        "lhd": {
          "modeltype": "LHD",
          "id": ""
        }
      },
      "id": "400000_02",
      "junctions": [
        [
          "IN",
          "400000_01",
          null,
          null
        ]
      ],
      "mechtype": "BT",
      "modeltype": "Conveyor",
      "name": "BT400000_02"
    },
    "400000_01": {
      "blocktype": "CaseTransportType01T",
      "children": {
        "transport": {
          "children": {
            "drivex": {
              "id": "",
              "input": {
                "FLT": "BT400000_01_BLT1_FLT",
                "OK": "BT400000_01_BLT1_OK"
              },
              "modeltype": "Ecc",
              "output": {
                "RUN": "BT400000_01_BLT1_RUN",
                "DIR": "BT400000_01_BLT1_DIR",
                "SS1": "BT400000_01_BLT1_SS1",
                "SS2": "BT400000_01_BLT1_SS2"
              }
            }
          },
          "id": "",
          "input": {
            "X_OCC2": "BT400000_01_PE_P"
          },
          "modeltype": "Belt",
          "output": {}
        },
        "lhd": {
          "modeltype": "LHD",
          "id": ""
        }
      },
      "id": "400000_01",
      "junctions": [
        [
          "400000_02",
          "400005",
          null,
          null
        ]
      ],
      "mechtype": "BT",
      "modeltype": "Conveyor",
      "name": "BT400000_01"
    },
    "400005": {
      "blocktype": "CaseRatType05T",
      "children": {
        "transport": {
          "children": {
            "drivex": {
              "id": "",
              "input": {
                "FLT": "RX400005_ROL1_FLT",
                "OK": "RX400005_ROL1_OK"
              },
              "modeltype": "Ecc",
              "output": {
                "RUN": "RX400005_ROL1_RUN",
                "DIR": "RX400005_ROL1_DIR",
                "SS1": "RX400005_ROL1_SS1",
                "SS2": "RX400005_ROL1_SS2"
              }
            },
            "drivey": {
              "id": "",
              "input": {
                "FLT": "RX400005_BLT1_FLT",
                "OK": "RX400005_BLT1_OK"
              },
              "modeltype": "Ecc",
              "output": {
                "RUN": "RX400005_BLT1_RUN",
                "DIR": "RX400005_BLT1_DIR",
                "SS1": "RX400005_BLT1_SS1",
                "SS2": "RX400005_BLT1_SS2"
              }
            },
            "drivez": {
              "id": "",
              "input": {
                "FLT": "RX400010_ROL1_FLT",
                "OK": "RX400010_ROL1_OK"
              },
              "modeltype": "Ecc",
              "output": {
                "RUN": "RX400010_ROL1_RUN",
                "DIR": "RX400010_ROL1_DIR",
                "SS1": "RX400010_ROL1_SS1",
                "SS2": "RX400010_ROL1_SS2"
              }
            }
          },
		  
          "id": "",
          "input": {
            "X_OCC2": "RX400005_PE_P",
			"Y_GC2": "RX400010_PE_P"
          },
          "modeltype": "Rat",
          "output": {}
        },
        "lhd": {
          "modeltype": "LHD",
          "id": ""
        }
      },
      "id": "400005",
      "junctions": [
        [
          "400000_01",
          null,
          "400015",
          null
        ]
      ],
      "mechtype": "RX",
      "modeltype": "Conveyor",
      "name": "RX400005"
    },
    "400015": {
      "blocktype": "CaseRatType05T",
      "children": {
        "transport": {
          "children": {
            "drivex": {
              "id": "",
              "input": {
              },
              "modeltype": "Ecc",
              "output": {
                "RUN": "RX400015_ROL1_RUN",
                "DIR": "RX400015_ROL1_DIR",
                "SS1": "RX400015_ROL1_SS1",
                "SS2": "RX400015_ROL1_SS2"
              }
            },
            "drivey": {
              "id": "",
              "input": {
              },
              "modeltype": "Ecc",
              "output": {
                "RUN": "RX400015_BLT1_RUN",
                "DIR": "RX400015_BLT1_DIR",
                "SS1": "RX400015_BLT1_SS1",
                "SS2": "RX400015_BLT1_SS2"
              }
            }
          },
		  
          "id": "",
          "input": {
            "X_OCC2": "RX400015_PE_P",
			"Y_GC2": "RX400010_PE_P"
          },
          "modeltype": "Rat",
          "output": {
            "SOL": "RX400015_SOL"
          }
        },
        "lhd": {
          "modeltype": "LHD",
          "id": ""
        }
      },
      "id": "400015",
      "junctions": [
        [
          null,
          "400020_02",
          "400005",
          null
        ]
      ],
      "mechtype": "RX",
      "modeltype": "Conveyor",
      "name": "RX400015"
    },
    "400025": {
      "blocktype": "CaseRatType07T",
      "children": {
        "lift": {
          "children": {
            "drive": {
              "id": "",
              "input": {},
              "modeltype": "Solenoid",
              "output": {
                "SOL": "RX400025_SOL"
              }
            }
          },
          "id": "",
          "input": {
            "UP": "RX400025_PRX_UP",
            "DN": "RX400025_PRX_DN"
          },
          "modeltype": "Popup",
          "output": {}
        },
        "transport": {
          "children": {
            "drivex": {
              "id": "",
              "input": {
                "FLT": "RX400025_ROL1_FLT",
                "OK": "RX400025_ROL1_OK"
              },
              "modeltype": "Ecc",
              "output": {
                "RUN": "RX400025_ROL1_RUN",
                "DIR": "RX400025_ROL1_DIR",
                "SS1": "RX400025_ROL1_SS1",
                "SS2": "RX400025_ROL1_SS2"
              }
            },
            "drivey": {
              "id": "",
              "input": {
                "FLT": "RX400025_BLT1_FLT",
                "OK": "RX400025_BLT1_OK"
              },
              "modeltype": "Ecc",
              "output": {
                "RUN": "RX400025_BLT1_RUN",
                "DIR": "RX400025_BLT1_DIR",
                "SS1": "RX400025_BLT1_SS1",
                "SS2": "RX400025_BLT1_SS2"
              }
            }
          },
		  
          "id": "",
          "input": {
            "X_OCC2": "RX400025_PE_P",
			"Y_GC2": "RX400025_PE_C_P"
          },
          "modeltype": "Rat",
          "output": {}
        },
        "lhd": {
          "modeltype": "LHD",
          "id": ""
        }
      },
      "id": "400025",
      "junctions": [
        [
          "400030_02",
          "400020_01",
          "400035_01",
          null
        ]
      ],
      "mechtype": "RX",
      "modeltype": "Conveyor",
      "name": "RX400025"
    },
    "400040": {
      "blocktype": "CaseRatType05T",
      "children": {
        "transport": {
          "children": {
            "drivex": {
              "id": "",
              "input": {
              },
              "modeltype": "Ecc",
              "output": {
                "RUN": "RX400040_ROL1_RUN",
                "DIR": "RX400040_ROL1_DIR",
                "SS1": "RX400040_ROL1_SS1",
                "SS2": "RX400040_ROL1_SS2"
              }
            },
            "drivey": {
              "id": "",
              "input": {
              },
              "modeltype": "Ecc",
              "output": {
                "RUN": "RX400040_BLT1_RUN",
                "DIR": "RX400040_BLT1_DIR",
                "SS1": "RX400040_BLT1_SS1",
                "SS2": "RX400040_BLT1_SS2"
              }
            }
          },
		  
          "id": "",
          "input": {
            "X_OCC2": "RX400040_PE_P"
          },
          "modeltype": "Rat",
          "output": {}
        },
        "lhd": {
          "modeltype": "LHD",
          "id": ""
        }
      },
      "id": "400040",
      "junctions": [
        [
          "400045_01",
          null,
		  null,
          "400035_01"
        ]
      ],
      "mechtype": "RX",
      "modeltype": "Conveyor",
      "name": "RX400040"
    },
    "400020_02": {
      "blocktype": "CaseTransportType01T",
      "children": {
        "transport": {
          "children": {
            "drivex": {
              "id": "",
              "input": {
                "FLT": "BT400020_02_BLT1_FLT",
                "OK": "BT400020_02_BLT1_OK"
              },
              "modeltype": "Ecc",
              "output": {
                "RUN": "BT400020_02_BLT1_RUN",
                "DIR": "BT400020_02_BLT1_DIR",
                "SS1": "BT400020_02_BLT1_SS1",
                "SS2": "BT400020_02_BLT1_SS2"
              }
            }
          },
          "id": "",
          "input": {
            "X_OCC2": "BT400020_02_PE_P"
          },
          "modeltype": "Belt",
          "output": {}
        },
        "lhd": {
          "modeltype": "LHD",
          "id": ""
        }
      },
      "id": "400020_02",
      "junctions": [
        [
          "400015",
          "400020_01",
          null,
          null
        ]
      ],
      "mechtype": "BT",
      "modeltype": "Conveyor",
      "name": "BT400020_02"
    },
    "400020_01": {
      "blocktype": "CaseTransportType02",
      "children": {
        "transport": {
          "children": {
            "drivex": {
              "id": "",
              "input": {
                "FLT": "BT400020_01_BLT1_FLT",
                "OK": "BT400020_01_BLT1_OK"
              },
              "modeltype": "Ecc",
              "output": {
                "RUN": "BT400020_01_BLT1_RUN",
                "DIR": "BT400020_01_BLT1_DIR",
                "SS1": "BT400020_01_BLT1_SS1",
                "SS2": "BT400020_01_BLT1_SS2"
              }
            }
          },
          "id": "",
          "input": {
            "X_OCC1": "BT400020_01_PE_P1",
			"X_OCC2": "BT400020_01_PE_P2"
          },
          "modeltype": "Belt",
          "output": {}
        },
        "lhd": {
          "modeltype": "LHD",
          "id": ""
        }
      },
      "id": "400020_01",
      "junctions": [
        [
          "400020_02",
          "400025",
          null,
          null
        ]
      ],
      "mechtype": "BT",
      "modeltype": "Conveyor",
      "name": "BT400020_01"
    },
    "400030_02": {
      "blocktype": "CaseTransportType01T",
      "children": {
        "transport": {
          "children": {
            "drivex": {
              "id": "",
              "input": {
                "FLT": "RT400030_02_ROL1_FLT",
                "OK": "RT400030_02_ROL1_OK"
              },
              "modeltype": "Ecc",
              "output": {
                "RUN": "RT400030_02_ROL1_RUN",
                "DIR": "RT400030_02_ROL1_DIR",
                "SS1": "RT400030_02_ROL1_SS1",
                "SS2": "RT400030_02_ROL1_SS2"
              }
            }
          },
          "id": "",
          "input": {
            "X_OCC2": "RT400030_02_PE_P"
          },
          "modeltype": "Roller",
          "output": {}
        },
        "lhd": {
          "modeltype": "LHD",
          "id": ""
        }
      },
      "id": "400030_02",
      "junctions": [
        [
          "400025",
          "400030_01",
          null,
          null
        ]
      ],
      "mechtype": "RT",
      "modeltype": "Conveyor",
      "name": "RT400030_02"
    },
    "400030_01": {
      "blocktype": "CaseTransportType01",
      "children": {
        "transport": {
          "children": {
            "drivex": {
              "id": "",
              "input": {
                "FLT": "RT400030_01_ROL1_FLT",
                "OK": "RT400030_01_ROL1_OK"
              },
              "modeltype": "Ecc",
              "output": {
                "RUN": "RT400030_01_ROL1_RUN",
                "DIR": "RT400030_01_ROL1_DIR",
                "SS1": "RT400030_01_ROL1_SS1",
                "SS2": "RT400030_01_ROL1_SS2"
              }
            }
          },
          "id": "",
          "input": {
            "X_OCC2": "RT400030_01_PE_P"
          },
          "modeltype": "Roller",
          "output": {}
        },
        "lhd": {
          "modeltype": "LHD",
          "id": ""
        }
      },
      "id": "400030_01",
      "junctions": [
        [
          "400030_02",
          "OUT",
          null,
          null
        ]
      ],
      "mechtype": "RT",
      "modeltype": "Conveyor",
      "name": "RT400030_01"
    },
    "400035_01": {
      "blocktype": "CaseTransportType01T",
      "children": {
        "transport": {
          "children": {
            "drivex": {
              "id": "",
              "input": {
                "FLT": "BT400035_01_BLT1_FLT",
                "OK": "BT400035_01_BLT1_OK"
              },
              "modeltype": "Ecc",
              "output": {
                "RUN": "BT400035_01_BLT1_RUN",
                "DIR": "BT400035_01_BLT1_DIR",
                "SS1": "BT400035_01_BLT1_SS1",
                "SS2": "BT400035_01_BLT1_SS2"
              }
            }
          },
          "id": "",
          "input": {
            "X_OCC2": "BT400035_01_PE_P"
          },
          "modeltype": "Belt",
          "output": {}
        },
        "lhd": {
          "modeltype": "LHD",
          "id": ""
        }
      },
      "id": "400035_01",
      "junctions": [
        [
          "400040",
          "400025",
          null,
          null
        ]
      ],
      "mechtype": "BT",
      "modeltype": "Conveyor",
      "name": "BT400035_01"
    },
    "400045_01": {
      "blocktype": "CaseTransportType01T",
      "children": {
        "transport": {
          "children": {
            "drivex": {
              "id": "",
              "input": {
                "FLT": "RT400045_01_ROL1_FLT",
                "OK": "RT400045_01_ROL1_OK"
              },
              "modeltype": "Ecc",
              "output": {
                "RUN": "RT400045_01_ROL1_RUN",
                "DIR": "RT400045_01_ROL1_DIR",
                "SS1": "RT400045_01_ROL1_SS1",
                "SS2": "RT400045_01_ROL1_SS2"
              }
            }
          },
          "id": "",
          "input": {
            "X_OCC2": "RT400045_01_PE_P"
          },
          "modeltype": "Roller",
          "output": {}
        },
        "lhd": {
          "modeltype": "LHD",
          "id": ""
        }
      },
      "id": "400045_01",
      "junctions": [
        [
          "400045_02",
          "400040",
          null,
          null
        ]
      ],
      "mechtype": "RT",
      "modeltype": "Conveyor",
      "name": "RT400045_01"
    },
    "400045_02": {
      "blocktype": "CaseTransportType01",
      "children": {
        "transport": {
          "children": {
            "drivex": {
              "id": "",
              "input": {
                "FLT": "RT400045_02_ROL1_FLT",
                "OK": "RT400045_02_ROL1_OK"
              },
              "modeltype": "Ecc",
              "output": {
                "RUN": "RT400045_02_ROL1_RUN",
                "DIR": "RT400045_02_ROL1_DIR",
                "SS1": "RT400045_02_ROL1_SS1",
                "SS2": "RT400045_02_ROL1_SS2"
              }
            }
          },
          "id": "",
          "input": {
            "X_OCC2": "RT400045_02_PE_P"
          },
          "modeltype": "Roller",
          "output": {}
        },
        "lhd": {
          "modeltype": "LHD",
          "id": ""
        }
      },
      "id": "400045_02",
      "junctions": [
        [
          "IN",
          "400045_01",
          null,
          null
        ]
      ],
      "mechtype": "RT",
      "modeltype": "Conveyor",
      "name": "RT400045_02"
    }
  }
}
