{
  "modeltype": "Loop",
  "children": {
    "100800": {
      "blocktype": "PalletInfeedType01",
      "children": {
        "transport": {
          "children": {
            "drivex": {
              "id": "",
              "input": {
                "ISOL": "RT100800_ROL1_ISOL_OK",
                "RDY": "RT100800_ROL1_ON"
              },
              "modeltype": "Movi",
              "output": {
                "EN": "RT100800_ROL1_ENAB",
                "F2": "RT100800_ROL1_F2",
                "FWD": "RT100800_ROL1_FWD",
                "REV": "RT100800_ROL1_REV"
              }
            }
          },
          "id": "",
          "input": {
            "FLP": "RT100800_FLP_P2",
            "X_OCC2": "RT100800_PE_OCC_P2"
          },
          "modeltype": "Roller",
          "output": {}
        },
        "lhd": {
          "modeltype": "LHD",
          "id": ""
        }
      },
      "id": "100800",
	  "orientation": 0,
      "junctions": [
        [
          null,
          "100805",
          null,
          null
        ]
      ],
      "mechtype": "RT",
      "modeltype": "Conveyor",
      "name": "RT100800"
    },
    "100805": {
      "blocktype": "PalletStraightType01",
      "children": {
        "transport": {
          "children": {
            "drivex": {
              "id": "",
              "input": {
                "ISOL": "RT100805_ROL1_ISOL_OK",
                "RDY": "RT100805_ROL1_ON"
              },
              "modeltype": "Movi",
              "output": {
                "EN": "RT100805_ROL1_ENAB",
                "F2": "RT100805_ROL1_F2",
                "FWD": "RT100805_ROL1_FWD",
                "REV": "RT100805_ROL1_REV"
              }
            }
          },
          "id": "",
          "input": {
            "X_EC2": "RT100805_PE_EC_P2",
            "X_OCC2": "RT100805_PE_OCC_P2"
          },
          "modeltype": "Roller",
          "output": {}
        }
      },
      "id": "100805",
      "junctions": [
        [
          "100800",
          "100810",
          null,
          null
        ]
      ],
      "mechtype": "RT",
      "modeltype": "Conveyor",
      "name": "RT100805"
    },
    "100810": {
      "blocktype": "MonorailPickStation",
      "children": {
        "transport": {
          "children": {
            "drivex": {
              "id": "",
              "input": {
                "ISOL": "RT100810_ROL1_ISOL_OK",
                "RDY": "RT100810_ROL1_ON"
              },
              "modeltype": "Movi",
              "output": {
                "EN": "RT100810_ROL1_ENAB",
                "F2": "RT100810_ROL1_F2",
                "FWD": "RT100810_ROL1_FWD",
                "REV": "RT100810_ROL1_REV"
              }
            }
          },
          "id": "",
          "input": {
            "X_EC2": "RT100810_PE_EC_P2",
            "X_OCC2": "RT100810_PE_OCC_P2",
			"X_GC2": "RT100810_Gap_PE"
          },
          "modeltype": "Roller",
          "output": {}
        }
      },
      "id": "100810",
      "junctions": [
        [
          "100805",
          "100810Int",
          null,
          null
        ]
      ],
      "mechtype": "RT",
      "modeltype": "Conveyor",
      "name": "RT100810"
    },
    "100810Int": {
      "blocktype": "MonorailPSInterfaceType01",
      "modeltype": "ConveyorInterface",
	  "id": "100810Int",
	  "mechtype": "CT",
      "name": "RT100810Int",
	  "in_interface": "MonorailPick_Binary_IN",
	  "out_interface": "MonorailPick_Binary_OUT",
      "output": {
        "X_EC2": "RT100810_PE_EC_P2",
        "X_OCC2": "RT100810_PE_OCC_P2"
      },
      "input": {
        "GAP": "RT100810_Gap_PE"
      },
      "junctions": [
        [
          "100810",
          null,
		  null,
          null
        ]
	  ]
	},
    "100825": {
      "blocktype": "MonorailDropStation",
      "children": {
        "transport": {
          "children": {
            "drivex": {
              "id": "",
              "input": {
                "ISOL": "RT100825_ROL1_ISOL_OK",
                "RDY": "RT100825_ROL1_ON"
              },
              "modeltype": "Movi",
              "output": {
                "EN": "RT100825_ROL1_ENAB",
                "F2": "RT100825_ROL1_F2",
                "FWD": "RT100825_ROL1_FWD",
                "REV": "RT100825_ROL1_REV"
              }
            }
          },
          "id": "",
          "input": {
            "X_EC2": "RT100825_PE_EC_P2",
            "X_OCC2": "RT100825_PE_OCC_P2"
          },
          "modeltype": "Roller",
          "output": {}
        }
      },
      "id": "100825",
	  "orientation": 0,
      "junctions": [
        [
          "100825Int",
          "100830",
          null,
          null
        ]
      ],
      "mechtype": "RT",
      "modeltype": "Conveyor",
      "name": "RT100825"
    },
    "100825Int": {
      "blocktype": "MonorailDSInterfaceType01",
      "modeltype": "ConveyorInterface",
	  "id": "100825Int",
	  "mechtype": "CT",
      "name": "RT100825Int",
	  "in_interface": "MonorailDrop_Binary_IN",
	  "out_interface": "MonorailDrop_Binary_OUT",
      "input": {
        "GAP": "RT100825_Gap_PE"
      },
      "junctions": [
        [
          null,
		  "100825",
          null,
          null
        ]
	  ]
	},
    "100830": {
      "blocktype": "PalletStraightType01",
      "children": {
        "transport": {
          "children": {
            "drivex": {
              "id": "",
              "input": {
                "ISOL": "RT100830_ROL1_ISOL_OK",
                "RDY": "RT100830_ROL1_ON"
              },
              "modeltype": "Movi",
              "output": {
                "EN": "RT100830_ROL1_ENAB",
                "F2": "RT100830_ROL1_F2",
                "FWD": "RT100830_ROL1_FWD",
                "REV": "RT100830_ROL1_REV"
              }
            }
          },
          "id": "",
          "input": {
            "X_EC2": "RT100830_PE_EC_P2",
            "X_OCC2": "RT100830_PE_OCC_P2"
          },
          "modeltype": "Roller",
          "output": {}
        }
      },
      "id": "100830",
      "junctions": [
        [
          "100825",
          "100835",
          null,
          null
        ]
      ],
      "mechtype": "RT",
      "modeltype": "Conveyor",
      "name": "RT100830"
    },
    "100835": {
      "blocktype": "PalletOutfeedType01",
      "children": {
        "transport": {
          "children": {
            "drivex": {
              "id": "",
              "input": {
                "ISOL": "RT100835_ROL1_ISOL_OK",
                "RDY": "RT100835_ROL1_ON"
              },
              "modeltype": "Movi",
              "output": {
                "EN": "RT100835_ROL1_ENAB",
                "F2": "RT100835_ROL1_F2",
                "FWD": "RT100835_ROL1_FWD",
                "REV": "RT100835_ROL1_REV"
              }
            }
          },
          "id": "",
          "input": {
            "FLP": "RT100835_FLP_P2",
            "X_OCC2": "RT100835_PE_OCC_P2"
          },
          "modeltype": "Roller",
          "output": {}
        },
        "lhd": {
          "modeltype": "LHD",
          "id": ""
        }
      },
      "id": "100835",
      "junctions": [
        [
          "100830",
          null,
          null,
          null
        ]
      ],
      "mechtype": "RT",
      "modeltype": "Conveyor",
      "name": "RT100835"
    },
    "100845": {
      "blocktype": "MonorailBidirectionalStation",
      "children": {
        "transport": {
          "children": {
            "drivex": {
              "id": "",
              "input": {
                "ISOL": "RT100845_ROL1_ISOL_OK",
                "RDY": "RT100845_ROL1_ON"
              },
              "modeltype": "Movi",
              "output": {
                "EN": "RT100845_ROL1_ENAB",
                "F2": "RT100845_ROL1_F2",
                "FWD": "RT100845_ROL1_FWD",
                "REV": "RT100845_ROL1_REV"
              }
            }
          },
          "id": "",
          "input": {
            "X_EC1": "RT100845_PE_EC_P1",
            "X_EC2": "RT100845_PE_EC_P2",
            "X_OCC1": "RT100845_PE_OCC_P1",
            "X_OCC2": "RT100845_PE_OCC_P2"
          },
          "modeltype": "Roller",
          "output": {}
        }
      },
      "id": "100845",
	  "orientation": 0,
      "junctions": [
        [
          "100845Int",
          "100850",
          null,
          null
        ]
      ],
      "mechtype": "RT",
      "modeltype": "Conveyor",
      "name": "RT100845"
    },
    "100845Int": {
      "blocktype": "MonorailBidirectionalInterfaceType01",
      "modeltype": "ConveyorInterface",
	  "id": "100845Int",
	  "mechtype": "CT",
      "name": "RT100845Int",
	  "in_interface": "MonorailBidirectional_Binary_IN",
	  "out_interface": "MonorailBidirectional_Binary_OUT",
      "output": {
        "X_EC1": "RT100845_PE_EC_P1",
        "X_EC2": "RT100845_PE_EC_P2",
        "X_OCC1": "RT100845_PE_OCC_P1",
        "X_OCC2": "RT100845_PE_OCC_P2"
      },
      "input": {
        "X_GC1": "RT100845_Gap_PE"
      },
      "junctions": [
        [
          null,
		  "100845",
          null,
          null
        ]
	  ]
	},
    "100850": {
      "blocktype": "PalletStraightType02",
      "children": {
        "transport": {
          "children": {
            "drivex": {
              "id": "",
              "input": {
                "ISOL": "RT100850_ROL1_ISOL_OK",
                "RDY": "RT100850_ROL1_ON"
              },
              "modeltype": "Movi",
              "output": {
                "EN": "RT100850_ROL1_ENAB",
                "F2": "RT100850_ROL1_F2",
                "FWD": "RT100850_ROL1_FWD",
                "REV": "RT100850_ROL1_REV"
              }
            }
          },
          "id": "",
          "input": {
            "X_EC1": "RT100850_PE_EC_P1",
            "X_EC2": "RT100850_PE_EC_P2",
            "X_OCC1": "RT100850_PE_OCC_P1",
            "X_OCC2": "RT100850_PE_OCC_P2"
          },
          "modeltype": "Roller",
          "output": {}
        }
      },
      "id": "100850",
      "junctions": [
        [
          "100845",
          "100855",
          null,
          null
        ]
      ],
      "mechtype": "RT",
      "modeltype": "Conveyor",
      "name": "RT100850"
    },
    "100855": {
      "blocktype": "PalletInfeedType02",
      "children": {
        "transport": {
          "children": {
            "drivex": {
              "id": "",
              "input": {
                "ISOL": "RT100855_ROL1_ISOL_OK",
                "RDY": "RT100855_ROL1_ON"
              },
              "modeltype": "Movi",
              "output": {
                "EN": "RT100855_ROL1_ENAB",
                "F2": "RT100855_ROL1_F2",
                "FWD": "RT100855_ROL1_FWD",
                "REV": "RT100855_ROL1_REV"
              }
            }
          },
          "id": "",
          "input": {
            "FLP": "RT100855_FLP_P1",
            "X_OCC1": "RT100855_PE_OCC_P1",
            "X_OCC2": "RT100855_PE_OCC_P2"
          },
          "modeltype": "Roller",
          "output": {}
        },
        "lhd": {
          "modeltype": "LHD",
          "id": ""
        }
      },
      "id": "100855",
      "junctions": [
        [
          null,
          "100850",
          null,
          null
        ]
      ],
      "mechtype": "RT",
      "modeltype": "Conveyor",
      "name": "RT100855"
    },
    "100870": {
      "blocktype": "MonorailSlugDropStation",
      "children": {
        "transport": {
          "children": {
            "drivex": {
              "id": "",
              "input": {
                "ISOL": "RT100870_ROL1_ISOL_OK",
                "RDY": "RT100870_ROL1_ON"
              },
              "modeltype": "Movi",
              "output": {
                "EN": "RT100870_ROL1_ENAB",
                "F2": "RT100870_ROL1_F2",
                "FWD": "RT100870_ROL1_FWD",
                "REV": "RT100870_ROL1_REV"
              }
            }
          },
          "id": "",
          "input": {
            "X_PE1_OCC2": "RT100870_PE1_OCC_P2",
            "X_PE2_OCC2": "RT100870_PE2_OCC_P2"
          },
          "modeltype": "Roller",
          "output": {}
        }
      },
      "id": "100870",
	  "orientation": 0,
      "junctions": [
        [
          "100870Int",
          "100875",
          null,
          null
        ]
      ],
      "mechtype": "RT",
      "modeltype": "Conveyor",
      "name": "RT100870"
    },
    "100870Int": {
      "blocktype": "MonorailDSInterfaceType01",
      "modeltype": "MonorailDSInterfaceType01",
	  "id": "100870Int",
	  "mechtype": "CT",
      "name": "RT100870Int",
	  "in_interface": "MonorailDropRT100870_Binary_IN",
	  "out_interface": "MonorailDropRT100870_Binary_OUT",
      "input": {
        "GAP": "RT100870_Gap_PE"
      },
      "junctions": [
        [
          null,
		  "100870",
          null,
          null
        ]
	  ]
	},
    "100875": {
      "blocktype": "PalletStraightType01",
      "children": {
        "transport": {
          "children": {
            "drivex": {
              "id": "",
              "input": {
                "ISOL": "RT100875_ROL1_ISOL_OK",
                "RDY": "RT100875_ROL1_ON"
              },
              "modeltype": "Movi",
              "output": {
                "EN": "RT100875_ROL1_ENAB",
                "F2": "RT100875_ROL1_F2",
                "FWD": "RT100875_ROL1_FWD",
                "REV": "RT100875_ROL1_REV"
              }
            }
          },
          "id": "",
          "input": {
            "X_OCC2": "RT100875_PE_OCC_P2"
          },
          "modeltype": "Roller",
          "output": {}
        }
      },
      "id": "100875",
      "junctions": [
        [
          "100870",
          "100880",
          null,
          null
        ]
      ],
      "mechtype": "RT",
      "modeltype": "Conveyor",
      "name": "RT100875"
    },
    "100880": {
      "blocktype": "PalletOutfeedType01",
      "children": {
        "transport": {
          "children": {
            "drivex": {
              "id": "",
              "input": {
                "ISOL": "RT100880_ROL1_ISOL_OK",
                "RDY": "RT100880_ROL1_ON"
              },
              "modeltype": "Movi",
              "output": {
                "EN": "RT100880_ROL1_ENAB",
                "F2": "RT100880_ROL1_F2",
                "FWD": "RT100880_ROL1_FWD",
                "REV": "RT100880_ROL1_REV"
              }
            }
          },
          "id": "",
          "input": {
            "FLP": "RT100880_FLP_P2",
            "X_OCC2": "RT100880_PE_OCC_P2"
          },
          "modeltype": "Roller",
          "output": {}
        },
        "lhd": {
          "modeltype": "LHD",
          "id": ""
        }
      },
      "id": "100880",
      "junctions": [
        [
          "100875",
          null,
          null,
          null
        ]
      ],
      "mechtype": "RT",
      "modeltype": "Conveyor",
      "name": "RT100880"
    },
    "100885": {
      "blocktype": "PalletInfeedType01",
      "children": {
        "transport": {
          "children": {
            "drivex": {
              "id": "",
              "input": {
                "ISOL": "RT100885_ROL1_ISOL_OK",
                "RDY": "RT100885_ROL1_ON"
              },
              "modeltype": "Movi",
              "output": {
                "EN": "RT100885_ROL1_ENAB",
                "F2": "RT100885_ROL1_F2",
                "FWD": "RT100885_ROL1_FWD",
                "REV": "RT100885_ROL1_REV"
              }
            }
          },
          "id": "",
          "input": {
            "FLP": "RT100885_FLP_P2",
            "X_OCC2": "RT100885_PE_OCC_P2"
          },
          "modeltype": "Roller",
          "output": {}
        },
        "lhd": {
          "modeltype": "LHD",
          "id": ""
        }
      },
      "id": "100885",
	  "orientation": 0,
      "junctions": [
        [
          null,
          "100890",
          null,
          null
        ]
      ],
      "mechtype": "RT",
      "modeltype": "Conveyor",
      "name": "RT100885"
    },
    "100890": {
      "blocktype": "PalletStraightType01",
      "children": {
        "transport": {
          "children": {
            "drivex": {
              "id": "",
              "input": {
                "ISOL": "RT100890_ROL1_ISOL_OK",
                "RDY": "RT100890_ROL1_ON"
              },
              "modeltype": "Movi",
              "output": {
                "EN": "RT100890_ROL1_ENAB",
                "F2": "RT100890_ROL1_F2",
                "FWD": "RT100890_ROL1_FWD",
                "REV": "RT100890_ROL1_REV"
              }
            }
          },
          "id": "",
          "input": {
            "X_OCC2": "RT100890_PE_OCC_P2"
          },
          "modeltype": "Roller",
          "output": {}
        }
      },
      "id": "100890",
      "junctions": [
        [
          "100885",
          "100895",
          null,
          null
        ]
      ],
      "mechtype": "RT",
      "modeltype": "Conveyor",
      "name": "RT100890"
    },
    "100895": {
      "blocktype": "MonorailSlugPickStation",
      "children": {
        "transport": {
          "children": {
            "drivex": {
              "id": "",
              "input": {
                "ISOL": "RT100895_ROL1_ISOL_OK",
                "RDY": "RT100895_ROL1_ON"
              },
              "modeltype": "Movi",
              "output": {
                "EN": "RT100895_ROL1_ENAB",
                "F2": "RT100895_ROL1_F2",
                "FWD": "RT100895_ROL1_FWD",
                "REV": "RT100895_ROL1_REV"
              }
            }
          },
          "id": "",
          "input": {
            "X_PE1_OCC2": "RT100895_PE1_OCC_P2",
            "X_PE2_OCC2": "RT100895_PE2_OCC_P2"
          },
          "modeltype": "Roller",
          "output": {}
        }
      },
      "id": "100895",
      "junctions": [
        [
          "100890",
          "100895Int",
          null,
          null
        ]
      ],
      "mechtype": "RT",
      "modeltype": "Conveyor",
      "name": "RT100895"
    },
    "100895Int": {
      "blocktype": "MonorailPSInterfaceType01",
      "modeltype": "MonorailPSInterfaceType01",
	  "id": "100895Int",
	  "mechtype": "CT",
      "name": "RT100895Int",
	  "in_interface": "\"MonorailPickRT100895 _IN\"",
	  "out_interface": "\"MonorailPickRT100895 _OUT\"",
      "output": {
        "X_PE2_OCC2": "RT100895_PE2_OCC_P2"
      },
      "input": {
        "GAP": "RT100895_Gap_PE"
      },
      "junctions": [
        [
          "100895",
          null,
		  null,
          null
        ]
	  ]
	}
  }
}