{
  "children": {
    "PDC02": {
      "id": "PDC02",
      "input": {
        "BT200070_PS_OK": "BT200070_PS_OK",
        "RT300005_PS_OK": "RT300005_PS_OK",
        "RT301010_PS_OK": "RT301010_PS_OK",
        "BT200160_ESTOP": "BT200160_ESTOP",
        "RT300050_ESTOP": "RT300050_ESTOP",
        "PDC02_ZONE01_OK_MOCB_PG1": "PDC02_ZONE01_OK_MOCB_PG1",
        "PDC02_ZONE01_OK_MOCB_PG2": "PDC02_ZONE01_OK_MOCB_PG2",
        "PDC02_ZONE01_OK_MOCB_REMBOX": "PDC02_ZONE01_OK_MOCB_REMBOX",
        "PDC02_ZONE02_OK_MOCB_PG1": "PDC02_ZONE02_OK_MOCB_PG1",
        "PDC02_ZONE02_OK_MOCB_PG2": "PDC02_ZONE02_OK_MOCB_PG2",
        "PDC02_ZONE02_OK_MOCB_REMBOX": "PDC02_ZONE02_OK_MOCB_REMBOX",
        "PDC02_ZONE01_DPS01_OK_FIELD_SUPPLY_48V_1": "PDC02_ZONE01_DPS01_OK_FIELD_SUPPLY_48V_1",
        "PDC02_ZONE01_DPS01_OK_FIELD_SUPPLY_48V_2": "PDC02_ZONE01_DPS01_OK_FIELD_SUPPLY_48V_2",
        "PDC02_ZONE01_EPS01_OK_FIELD_SUPPLY_24V_1": "PDC02_ZONE01_EPS01_OK_FIELD_SUPPLY_24V_1",
        "PDC02_ZONE01_EPS01_OK_FIELD_SUPPLY_24V_2": "PDC02_ZONE01_EPS01_OK_FIELD_SUPPLY_24V_2",
        "PDC02_ZONE01_EPS01_OK_FIELD_SUPPLY_24V_3": "PDC02_ZONE01_EPS01_OK_FIELD_SUPPLY_24V_3",
        "PDC02_ZONE01_EPS01_OK_FIELD_SUPPLY_24V_4": "PDC02_ZONE01_EPS01_OK_FIELD_SUPPLY_24V_4",
        "OK_FIELD_230V_MASTER_MOCB_PDC02": "OK_FIELD_230V_MASTER_MOCB_PDC02",
        "OK_FIELD_230V_MOCB_1_PDC02": "OK_FIELD_230V_MOCB_1_PDC02",
        "OK_FIELD_230V_MOCB_2_PDC02": "OK_FIELD_230V_MOCB_2_PDC02",
        "OK_FIELD_230V_MOCB_3_PDC02": "OK_FIELD_230V_MOCB_3_PDC02",
        "OK_FIELD_230V_MOCB_4_PDC02": "OK_FIELD_230V_MOCB_4_PDC02",
        "OK_FIELD_24V_FUSES_PDC02": "OK_FIELD_24V_FUSES_PDC02",
        "OK_FIELD_400V_MOCB_1_PDC02": "OK_FIELD_400V_MOCB_1_PDC02",
        "OK_FIELD_400V_MOCB_2_PDC02": "OK_FIELD_400V_MOCB_2_PDC02",
        "OK_FIELD_400V_MOCB_3_PDC02": "OK_FIELD_400V_MOCB_3_PDC02",
        "OK_FIELD_400V_MOCB_4_PDC02": "OK_FIELD_400V_MOCB_4_PDC02",
        "OK_FIRE_PDC02": "OK_FIRE_PDC02",
        "OK_INTERNAL_230V_MOCB_PDC02": "OK_INTERNAL_230V_MOCB_PDC02",
        "OK_INTERNAL_24V_MOCB_PDC02": "OK_INTERNAL_24V_MOCB_PDC02",
        "OK_IO_24V_MOCB_PDC02": "OK_IO_24V_MOCB_PDC02",
        "OK_MAIN_400V_MOCB_PDC02": "OK_MAIN_400V_MOCB_PDC02",
        "OK_MOCB_PDC02_ZONE01": "OK_MOCB_PDC02_ZONE01",
        "OK_MOCB_PDC02_ZONE02": "OK_MOCB_PDC02_ZONE02",
        "OK_MOCB_PDC02_ZONE03": "OK_MOCB_PDC02_ZONE03",
        "OK_MOCB_PDC02_ZONE04": "OK_MOCB_PDC02_ZONE04",
        "OK_MOCB_PDC02_ZONE05": "OK_MOCB_PDC02_ZONE05",
        "OK_MOCB_PDC02_ZONE06": "OK_MOCB_PDC02_ZONE06",
        "OK_MOCB_PDC02_ZONE07": "OK_MOCB_PDC02_ZONE07",
        "OK_MOCB_PDC02_ZONE08": "OK_MOCB_PDC02_ZONE08",
        "OK_MOCB_PDC02_ZONE09": "OK_MOCB_PDC02_ZONE09",
        "OK_MOCB_PDC02_ZONE10": "OK_MOCB_PDC02_ZONE10",
        "OK_PANEL_24V_MOCB_PDC02": "OK_PANEL_24V_MOCB_PDC02",
        "OK_PLC_24V_MOCB_PDC02": "OK_PLC_24V_MOCB_PDC02",
        "OK_PN_24V_MOCB_PDC02": "OK_PN_24V_MOCB_PDC02",
        "PB_EMSTOP_ESZ01": "PB_EMSTOP_ESZ01",
        "PB_LAMP_PDC02": "PB_LAMP_PDC02",
        "PB_AUTO_ON_PDC02": "PB_AUTO_ON_PDC02",
        "PB_AUTO_OFF_PDC02": "PB_AUTO_OFF_PDC02",
        "PB_ACK_FAULT_PDC02": "PB_ACK_FAULT_PDC02",
        "PB_EMSTOP_PDC02": "PB_EMSTOP_PDC02",
        "EMS_ACK_PDC02": "EMS_ACK_PDC02",
        "PDC02_ZONE01_ESZ01_CONT_NC": "PDC02_ZONE01_ESZ01_CONT_NC",
        "PDC02_ZONE01_PG1_CONT_NC": "PDC02_ZONE01_PG1_CONT_NC",
        "PDC02_ZONE01_PG2_CONT_NC": "PDC02_ZONE01_PG2_CONT_NC",
        "PDC02_ZONE02_PG1_CONT_NC": "PDC02_ZONE02_PG1_CONT_NC",
        "PDC02_ZONE02_PG2_CONT_NC": "PDC02_ZONE02_PG2_CONT_NC"
      },
      "modeltype": "Pdc02",
      "output": {
        "LMP_EMS_PDC02": "LMP_EMS_PDC02",
        "LMP_FAULT_PDC02": "LMP_FAULT_PDC02",
        "PDC02_ZONE01_ESZ01_CONT": "PDC02_ZONE01_ESZ01_CONT",
        "PDC02_ZONE01_PG1_CONT": "PDC02_ZONE01_PG1_CONT",
        "PDC02_ZONE01_PG2_CONT": "PDC02_ZONE01_PG2_CONT",
        "PDC02_ZONE02_PG1_CONT": "PDC02_ZONE02_PG1_CONT",
        "PDC02_ZONE02_PG2_CONT": "PDC02_ZONE02_PG2_CONT"
      }
    }
  },
  "modeltype": "Loop"
}