{
  "children": {
    "PDC01": {
      "id": "PDC01",
      "input": {
        "EMS_ACK_PDC01": "EMS_ACK_PDC01",
        "OK_AIR_PDC01": "OK_AIR_PDC01",
        "OK_FIELD_230V_MASTER_MOCB_PDC01": "OK_FIELD_230V_MASTER_MOCB_PDC01",
        "OK_FIELD_230V_MOCB_1_PDC01": "OK_FIELD_230V_MOCB_1_PDC01",
        "OK_FIELD_230V_MOCB_2_PDC01": "OK_FIELD_230V_MOCB_2_PDC01",
        "OK_FIELD_230V_MOCB_3_PDC01": "OK_FIELD_230V_MOCB_3_PDC01",
        "OK_FIELD_230V_MOCB_4_PDC01": "OK_FIELD_230V_MOCB_4_PDC01",
        "OK_FIELD_24V_FUSES_PDC01": "OK_FIELD_24V_FUSES_PDC01",
        "OK_FIELD_400V_MOCB_1_PDC01": "OK_FIELD_400V_MOCB_1_PDC01",
        "OK_FIELD_400V_MOCB_1_PDP01": "OK_FIELD_400V_MOCB_1_PDP01",
        "OK_FIELD_400V_MOCB_2_PDC01": "OK_FIELD_400V_MOCB_2_PDC01",
        "OK_FIELD_400V_MOCB_2_PDP01": "OK_FIELD_400V_MOCB_2_PDP01",
        "OK_FIELD_400V_MOCB_3_PDC01": "OK_FIELD_400V_MOCB_3_PDC01",
        "OK_FIELD_400V_MOCB_4_PDC01": "OK_FIELD_400V_MOCB_4_PDC01",
        "OK_FIRE_PDC01": "OK_FIRE_PDC01",
        "OK_FIRE_PDP01": "OK_FIRE_PDP01",
        "OK_INTERNAL_230V_MOCB_PDC01": "OK_INTERNAL_230V_MOCB_PDC01",
        "OK_INTERNAL_24V_MOCB_PDC01": "OK_INTERNAL_24V_MOCB_PDC01",
        "OK_IO_24V_MOCB_PDC01": "OK_IO_24V_MOCB_PDC01",
        "OK_MAIN_400V_MOCB_PDC01": "OK_MAIN_400V_MOCB_PDC01",
        "OK_MOCB_PDC01_ZONE01": "OK_MOCB_PDC01_ZONE01",
        "OK_MOCB_PDC01_ZONE02": "OK_MOCB_PDC01_ZONE02",
		"OK_MOCB_PDC01_ZONE03": "OK_MOCB_PDC01_ZONE03",
        "OK_MOCB_PDC01_ZONE04": "OK_MOCB_PDC01_ZONE04",
        "OK_MOCB_PDC01_ZONE05": "OK_MOCB_PDC01_ZONE05",
        "OK_MOCB_PDC01_ZONE06": "OK_MOCB_PDC01_ZONE06",
        "OK_MOCB_PDC01_ZONE07": "OK_MOCB_PDC01_ZONE07",
        "OK_MOCB_PDC01_ZONE08": "OK_MOCB_PDC01_ZONE08",
        "OK_MOCB_PDC01_ZONE09": "OK_MOCB_PDC01_ZONE09",
        "OK_MOCB_PDC01_ZONE10": "OK_MOCB_PDC01_ZONE10",
        "OK_MOCB_PDP01_ZONE01": "OK_MOCB_PDP01_ZONE01",
        "OK_MOCB_PDP01_ZONE02": "OK_MOCB_PDP01_ZONE02",
        "OK_MOCB_PDP01_ZONE03": "OK_MOCB_PDP01_ZONE03",
        "OK_MOCB_PDP01_ZONE04": "OK_MOCB_PDP01_ZONE04",
        "OK_MOCB_PDP01_ZONE05": "OK_MOCB_PDP01_ZONE05",
        "OK_MOCB_PDP01_ZONE06": "OK_MOCB_PDP01_ZONE06",
        "OK_MOCB_PDP01_ZONE07": "OK_MOCB_PDP01_ZONE07",
        "OK_MOCB_PDP01_ZONE08": "OK_MOCB_PDP01_ZONE08",
        "OK_MOCB_PDP01_ZONE09": "OK_MOCB_PDP01_ZONE09",
        "OK_MOCB_PDP01_ZONE10": "OK_MOCB_PDP01_ZONE10",
        "OK_MOCB_PDP01_ZONE11": "OK_MOCB_PDP01_ZONE11",
        "OK_MOCB_PDP01_ZONE12": "OK_MOCB_PDP01_ZONE12",
        "OK_PANEL_24V_MOCB_PDC01": "OK_PANEL_24V_MOCB_PDC01",
        "OK_PANEL_24V_MOCB_PDP01": "OK_PANEL_24V_MOCB_PDP01",
        "OK_PLC_24V_MOCB_PDC01": "OK_PLC_24V_MOCB_PDC01",
        "OK_PN_24V_MOCB_PDC01": "OK_PN_24V_MOCB_PDC01",
        "PB_ACK_FAULT_PDC01": "PB_ACK_FAULT_PDC01",
        "PB_AUTO_OFF_PDC01": "PB_AUTO_OFF_PDC01",
        "PB_AUTO_ON_PDC01": "PB_AUTO_ON_PDC01",
        "PB_EMSTOP_ESZ01": "PB_EMSTOP_ESZ01",
        "PB_EMSTOP_PDC01": "PB_EMSTOP_PDC01",
        "PB_LAMP_PDC01": "PB_LAMP_PDC01",
        "PDC01_01TPD01_I_24V_OK_EXT": "PDC01_01TPD01_I_24V_OK_EXT",
        "PDC01_01TPD01_I_24V_OK_PAN": "PDC01_01TPD01_I_24V_OK_PAN",
        "PDC01_01TPD01_OS1_I_ACCESS": "PDC01_01TPD01_OS1_I_ACCESS",
        "PDC01_01TPD01_OS1_I_AUTO": "PDC01_01TPD01_OS1_I_AUTO",
        "PDC01_01TPD01_OS1_I_ESTOP": "PDC01_01TPD01_OS1_I_ESTOP",
        "PDC01_01TPD01_OS1_I_PWR_ON": "PDC01_01TPD01_OS1_I_PWR_ON",
        "PDC01_01TPD01_OS1_I_RESET": "PDC01_01TPD01_OS1_I_RESET",
        "PDC01_01TPD01_OS2_I_ACCESS": "PDC01_01TPD01_OS2_I_ACCESS",
        "PDC01_01TPD01_OS2_I_AUTO": "PDC01_01TPD01_OS2_I_AUTO",
        "PDC01_01TPD01_OS2_I_ESTOP": "PDC01_01TPD01_OS2_I_ESTOP",
        "PDC01_01TPD01_OS2_I_PWR_ON": "PDC01_01TPD01_OS2_I_PWR_ON",
        "PDC01_01TPD01_OS2_I_RESET": "PDC01_01TPD01_OS2_I_RESET",
        "PDC01_02TPD01_I_24V_OK_EXT": "PDC01_02TPD01_I_24V_OK_EXT",
        "PDC01_02TPD01_I_24V_OK_PAN": "PDC01_02TPD01_I_24V_OK_PAN",
        "PDC01_02TPD01_OS1_I_ACCESS": "PDC01_02TPD01_OS1_I_ACCESS",
        "PDC01_02TPD01_OS1_I_AUTO": "PDC01_02TPD01_OS1_I_AUTO",
        "PDC01_02TPD01_OS1_I_ESTOP": "PDC01_02TPD01_OS1_I_ESTOP",
        "PDC01_02TPD01_OS1_I_PWR_ON": "PDC01_02TPD01_OS1_I_PWR_ON",
        "PDC01_02TPD01_OS1_I_RESET": "PDC01_02TPD01_OS1_I_RESET",
        "PDC01_VLP01_I_230V_OK_FAN_AUX": "PDC01_VLP01_I_230V_OK_FAN_AUX",
        "PDC01_VLP01_I_24V_OK_EXT": "PDC01_VLP01_I_24V_OK_EXT",
        "PDC01_VLP01_I_24V_OK_PAN": "PDC01_VLP01_I_24V_OK_PAN",
        "PDC01_VLP01_I_24V_OK_PSU": "PDC01_VLP01_I_24V_OK_PSU",
        "PDC01_VLP01_I_400V_OK_CONV": "PDC01_VLP01_I_400V_OK_CONV",
        "PDC01_VLP01_I_400V_OK_MAIN": "PDC01_VLP01_I_400V_OK_MAIN",
        "PDC01_VLP01_I_EDM_CONV": "PDC01_VLP01_I_EDM_CONV",
        "PDC01_VLP01_I_EDM_DRIVE": "PDC01_VLP01_I_EDM_DRIVE",
        "PDC01_VLP01_I_NO_FIRE_ALARM": "PDC01_VLP01_I_NO_FIRE_ALARM",
        "PDC01_VLP02_I_230V_OK_FAN_AUX": "PDC01_VLP02_I_230V_OK_FAN_AUX",
        "PDC01_VLP02_I_24V_OK_EXT": "PDC01_VLP02_I_24V_OK_EXT",
        "PDC01_VLP02_I_24V_OK_PAN": "PDC01_VLP02_I_24V_OK_PAN",
        "PDC01_VLP02_I_24V_OK_PSU": "PDC01_VLP02_I_24V_OK_PSU",
        "PDC01_VLP02_I_400V_OK_CONV": "PDC01_VLP02_I_400V_OK_CONV",
        "PDC01_VLP02_I_400V_OK_MAIN": "PDC01_VLP02_I_400V_OK_MAIN",
        "PDC01_VLP02_I_EDM_CONV": "PDC01_VLP02_I_EDM_CONV",
        "PDC01_VLP02_I_EDM_DRIVE": "PDC01_VLP02_I_EDM_DRIVE",
        "PDC01_VLP02_I_NO_FIRE_ALARM": "PDC01_VLP02_I_NO_FIRE_ALARM",
        "PDC01_ZCA01_OK_MOCB_PG1": "PDC01_ZCA01_OK_MOCB_PG1",
        "PDC01_ZCA01_OK_MOCB_PG2": "PDC01_ZCA01_OK_MOCB_PG2",
        "PDC01_ZCC01_OK_MOCB_PG1": "PDC01_ZCC01_OK_MOCB_PG1",
        "PDC01_ZCC01_OK_MOCB_PG2": "PDC01_ZCC01_OK_MOCB_PG2",
        "PDC01_ZCC01_OK_MOCB_PG3": "PDC01_ZCC01_OK_MOCB_PG3",
        "PDC01_ZCC01_OK_MOCB_PG4": "PDC01_ZCC01_OK_MOCB_PG4",
        "PDC01_ZCC01_OK_MOCB_REMBOX": "PDC01_ZCC01_OK_MOCB_REMBOX",
        "PDP01_ZCA01_OK_MOCB_PG1": "PDP01_ZCA01_OK_MOCB_PG1",
        "PDP01_ZCA01_OK_MOCB_PG2": "PDP01_ZCA01_OK_MOCB_PG2",
        "PDP01_ZCA01_OK_MOCB_REMBOX": "PDP01_ZCA01_OK_MOCB_REMBOX",
		"PDC01_ZCG02_24V_OK_EX1": "PDC01_ZCG02_24V_OK_EX1",
        "PDC01_ZCG02_24V_OK_EX2": "PDC01_ZCG02_24V_OK_EX2",
		"PDC01_ZONE01_PG1_CONT_NC": "PDC01_ZONE01_PG1_CONT_NC",
        "PDC01_ZONE01_PG2_CONT_NC": "PDC01_ZONE01_PG2_CONT_NC",
		"PDC01_ZONE02_PG1_CONT_NC": "PDC01_ZONE02_PG1_CONT_NC",
		"PDC01_ZONE02_PG2_CONT_NC": "PDC01_ZONE02_PG2_CONT_NC",
		"PDC01_ZONE02_PG3_CONT_NC": "PDC01_ZONE02_PG3_CONT_NC",
		"PDC01_ZONE02_PG4_CONT_NC": "PDC01_ZONE02_PG4_CONT_NC",
		"PDP01_ZONE01_PG1_CONT_NC": "PDP01_ZONE01_PG1_CONT_NC",
        "PDP01_ZONE01_PG2_CONT_NC": "PDP01_ZONE01_PG2_CONT_NC",
        "PG1_PE_CO_FR": "PG1_PE_CO_FR",
        "PG1_PE_CO_HG": "PG1_PE_CO_HG",
        "PG1_PE_CO_LH": "PG1_PE_CO_LH",
        "PG1_PE_CO_RE": "PG1_PE_CO_RE",
        "PG1_PE_CO_RH": "PG1_PE_CO_RH",
        "PG1_PE_LC": "PG1_PE_LC",
        "RT300005_PS_OK": "RT300005_PS_OK",
        "RT300050_ESTOP": "RT300050_ESTOP",
        "RT301010_PS_OK": "RT301010_PS_OK",
        "RT100300_ESTOP": "RT100300_ESTOP",
        "RX100395_ESTOP": "RX100395_ESTOP",
        "TC100635_ESTOP": "TC100635_ESTOP",
        "TC100635_HIGH_LIMIT_SWITCH": "TC100635_HIGH_LIMIT_SWITCH",
        "TC100635_LOW_LIMIT_SWITCH": "TC100635_LOW_LIMIT_SWITCH",
        "TC100635_MAINT_FWD": "TC100635_MAINT_FWD",
        "TC100635_MAINT_KEY": "TC100635_MAINT_KEY",
        "TC100635_MAINT_REV": "TC100635_MAINT_REV",
        "TC100635_MTR_IN": "TC100635_MTR_IN",
        "TC100635_PE_GC_P1": "TC100635_PE_GC_P1",
        "TC100635_PE_GC_P2": "TC100635_PE_GC_P2"
      },
      "modeltype": "Pdc01",
      "output": {
        "BEA_FAULT_PDC01": "BEA_FAULT_PDC01",
        "BEA_RUN_PDC01": "BEA_RUN_PDC01",
        "EL100132_ES_LAMP": "EL100132_ES_LAMP",
        "External_INFEED_OUT.noFault": "External_INFEED_OUT.noFault",
        "External_OUTFEED_OUT.automaticOperation": "External_OUTFEED_OUT.automaticOperation",
        "External_OUTFEED_OUT.noFault": "External_OUTFEED_OUT.noFault",
        "KLAX_PDC01": "KLAX_PDC01",
        "LMP_24VOK_PDC01": "LMP_24VOK_PDC01",
        "LMP_AUTO_ON_PDC01": "LMP_AUTO_ON_PDC01",
        "LMP_EMS_PDC01": "LMP_EMS_PDC01",
        "LMP_EMS_PDC02": "LMP_EMS_PDC02",
        "LMP_FAULT_PDC01": "LMP_FAULT_PDC01",
        "LMP_FAULT_PDC02": "LMP_FAULT_PDC02",
        "LMP_MOTPROT_PDC01": "LMP_MOTPROT_PDC01",
        "LMP_PNL_OK_PDP01": "LMP_PNL_OK_PDP01",
        "PDC01_01TPD01_OS1_Q_ACCESS_LAMP": "PDC01_01TPD01_OS1_Q_ACCESS_LAMP",
        "PDC01_01TPD01_OS1_Q_AUTO_LAMP": "PDC01_01TPD01_OS1_Q_AUTO_LAMP",
        "PDC01_01TPD01_OS1_Q_RESET_LAMP": "PDC01_01TPD01_OS1_Q_RESET_LAMP",
        "PDC01_01TPD01_OS2_Q_ACCESS_LAMP": "PDC01_01TPD01_OS2_Q_ACCESS_LAMP",
        "PDC01_01TPD01_OS2_Q_AUTO_LAMP": "PDC01_01TPD01_OS2_Q_AUTO_LAMP",
        "PDC01_01TPD01_OS2_Q_RESET_LAMP": "PDC01_01TPD01_OS2_Q_RESET_LAMP",
        "PDC01_01TPD01_Q_24V_EXT_RST": "PDC01_01TPD01_Q_24V_EXT_RST",
        "PDC01_01TPD01_Q_24V_PAN_RST": "PDC01_01TPD01_Q_24V_PAN_RST",
        "PDC01_02TPD01_OS1_Q_ACCESS_LAMP": "PDC01_02TPD01_OS1_Q_ACCESS_LAMP",
        "PDC01_02TPD01_OS1_Q_AUTO_LAMP": "PDC01_02TPD01_OS1_Q_AUTO_LAMP",
        "PDC01_02TPD01_OS1_Q_RESET_LAMP": "PDC01_02TPD01_OS1_Q_RESET_LAMP",
        "PDC01_02TPD01_Q_24V_EXT_RST": "PDC01_02TPD01_Q_24V_EXT_RST",
        "PDC01_02TPD01_Q_24V_PAN_RST": "PDC01_02TPD01_Q_24V_PAN_RST",
        "PDC01_VLP01_Q_24V_EXT_RST": "PDC01_VLP01_Q_24V_EXT_RST",
        "PDC01_VLP01_Q_24V_PAN_RST": "PDC01_VLP01_Q_24V_PAN_RST",
        "PDC01_VLP01_Q_CONV_CONT": "PDC01_VLP01_Q_CONV_CONT",
        "PDC01_VLP01_Q_DRIVE_CONT": "PDC01_VLP01_Q_DRIVE_CONT",
        "PDC01_VLP01_Q_KLA_START": "PDC01_VLP01_Q_KLA_START",
        "PDC01_VLP01_Q_LMP_230V_OK": "PDC01_VLP01_Q_LMP_230V_OK",
        "PDC01_VLP01_Q_LMP_24V_OK": "PDC01_VLP01_Q_LMP_24V_OK",
        "PDC01_VLP01_Q_LMP_400V_OK": "PDC01_VLP01_Q_LMP_400V_OK",
        "PDC01_VLP02_Q_24V_EXT_RST": "PDC01_VLP02_Q_24V_EXT_RST",
        "PDC01_VLP02_Q_24V_PAN_RST": "PDC01_VLP02_Q_24V_PAN_RST",
        "PDC01_VLP02_Q_CONV_CONT": "PDC01_VLP02_Q_CONV_CONT",
        "PDC01_VLP02_Q_DRIVE_CONT": "PDC01_VLP02_Q_DRIVE_CONT",
        "PDC01_VLP02_Q_KLA_START": "PDC01_VLP02_Q_KLA_START",
        "PDC01_VLP02_Q_LMP_230V_OK": "PDC01_VLP02_Q_LMP_230V_OK",
        "PDC01_VLP02_Q_LMP_24V_OK": "PDC01_VLP02_Q_LMP_24V_OK",
        "PDC01_VLP02_Q_LMP_400V_OK": "PDC01_VLP02_Q_LMP_400V_OK",
        "PDC01_ZONE01_PG1_CONT": "PDC01_ZONE01_PG1_CONT",
        "PDC01_ZONE01_PG2_CONT": "PDC01_ZONE01_PG2_CONT",
		"PDC01_ZONE02_PG1_CONT": "PDC01_ZONE02_PG1_CONT",
		"PDC01_ZONE02_PG2_CONT": "PDC01_ZONE02_PG2_CONT",
		"PDC01_ZONE02_PG3_CONT": "PDC01_ZONE02_PG3_CONT",
		"PDC01_ZONE02_PG4_CONT": "PDC01_ZONE02_PG4_CONT",
        "PDP01_ZONE01_PG1_CONT": "PDP01_ZONE01_PG1_CONT",
        "PDP01_ZONE01_PG2_CONT": "PDP01_ZONE01_PG2_CONT",
        "RT100035_AH": "RT100035_AH",
        "RT100035_BC_FLT": "RT100035_BC_FLT",
        "RT100035_BC_ST": "RT100035_BC_ST",
        "RT100135_SW_GATE_CONT_ENB": "RT100135_SW_GATE_CONT_ENB",
        "RT100145_SW_GATE_CONT_ENB": "RT100145_SW_GATE_CONT_ENB",
        "RT100155_SW_GATE_CONT_ENB": "RT100155_SW_GATE_CONT_ENB",
        "RT100300_ES_LAMP": "RT100300_ES_LAMP",
        "RT100500_AH": "RT100500_AH",
        "RT100500_BC_FLT": "RT100500_BC_FLT",
        "RT100500_BC_ST": "RT100500_BC_ST",
        "RT100680_SW_GATE_CONT_ENB": "RT100680_SW_GATE_CONT_ENB",
        "RT100710_SW_GATE_CONT_ENB": "RT100710_SW_GATE_CONT_ENB",
        "RT101170_outDropAllowed": "RT101170_outDropAllowed",
        "RT101170_outDropEnable": "RT101170_outDropEnable",
        "RT101190_outPickAllowed": "RT101190_outPickAllowed",
        "RT101190_outPickEnable": "RT101190_outPickEnable",
        "RT102201_outAsk": "RT102201_outAsk",
        "RT102201_outCom": "RT102201_outCom",
        "RT102201_outOk": "RT102201_outOk",
        "RT102202_outConvComm": "RT102202_outConvComm",
        "RT102202_outConvOk": "RT102202_outConvOk",
        "RT102202_outConvReady": "RT102202_outConvReady",
        "RX100395_AH": "RX100395_AH",
        "RX100395_BC_FLT": "RX100395_BC_FLT",
        "RX100395_BC_ST": "RX100395_BC_ST",
        "RX100395_ES_LAMP": "RX100395_ES_LAMP",
        "TC100635_ES_LAMP": "TC100635_ES_LAMP",
        "EL100132_MTR_OUT.overrideWord": "EL100132_MTR_OUT.overrideWord",
        "EL100132_MTR_OUT.spare": "EL100132_MTR_OUT.spare",
        "EL100132_MTR_OUT.controlWord1.jogReverse": "EL100132_MTR_OUT.controlWord1.jogReverse",
        "EL100132_MTR_OUT.controlWord1.jogForward": "EL100132_MTR_OUT.controlWord1.jogForward",
        "EL100132_MTR_OUT.controlWord1.controlViaPlc": "EL100132_MTR_OUT.controlWord1.controlViaPlc",
        "EL100132_MTR_OUT.controlWord1.startReferencing": "EL100132_MTR_OUT.controlWord1.startReferencing",
        "EL100132_MTR_OUT.controlWord1.reserved0": "EL100132_MTR_OUT.controlWord1.reserved0",
        "EL100132_MTR_OUT.controlWord1.externalBlockChange": "EL100132_MTR_OUT.controlWord1.externalBlockChange",
        "EL100132_MTR_OUT.controlWord1.reserved1": "EL100132_MTR_OUT.controlWord1.reserved1",
        "EL100132_MTR_OUT.controlWord1.reserved2": "EL100132_MTR_OUT.controlWord1.reserved2",
        "EL100132_MTR_OUT.controlWord1.motorOn": "EL100132_MTR_OUT.controlWord1.motorOn",
        "EL100132_MTR_OUT.controlWord1.noCoastStop": "EL100132_MTR_OUT.controlWord1.noCoastStop",
        "EL100132_MTR_OUT.controlWord1.noQuickStop": "EL100132_MTR_OUT.controlWord1.noQuickStop",
        "EL100132_MTR_OUT.controlWord1.enableOperation": "EL100132_MTR_OUT.controlWord1.enableOperation",
        "EL100132_MTR_OUT.controlWord1.doNotRejectTraversingTask": "EL100132_MTR_OUT.controlWord1.doNotRejectTraversingTask",
        "EL100132_MTR_OUT.controlWord1.noIntermediateStop": "EL100132_MTR_OUT.controlWord1.noIntermediateStop",
        "EL100132_MTR_OUT.controlWord1.activateTraversingTask": "EL100132_MTR_OUT.controlWord1.activateTraversingTask",
        "EL100132_MTR_OUT.controlWord1.acknowledgeFaults": "EL100132_MTR_OUT.controlWord1.acknowledgeFaults",
        "EL100132_MTR_OUT.posControlWord1.absPositioning": "EL100132_MTR_OUT.posControlWord1.absPositioning",
        "EL100132_MTR_OUT.posControlWord1.absPositiveDirection": "EL100132_MTR_OUT.posControlWord1.absPositiveDirection",
        "EL100132_MTR_OUT.posControlWord1.absNegativeDirection": "EL100132_MTR_OUT.posControlWord1.absNegativeDirection",
        "EL100132_MTR_OUT.posControlWord1.reserved0": "EL100132_MTR_OUT.posControlWord1.reserved0",
        "EL100132_MTR_OUT.posControlWord1.continuousAcceptance": "EL100132_MTR_OUT.posControlWord1.continuousAcceptance",
        "EL100132_MTR_OUT.posControlWord1.reserved1": "EL100132_MTR_OUT.posControlWord1.reserved1",
        "EL100132_MTR_OUT.posControlWord1.selectSetUp": "EL100132_MTR_OUT.posControlWord1.selectSetUp",
        "EL100132_MTR_OUT.posControlWord1.traversingBlockSelection0": "EL100132_MTR_OUT.posControlWord1.traversingBlockSelection0",
        "EL100132_MTR_OUT.posControlWord1.traversingBlockSelection1": "EL100132_MTR_OUT.posControlWord1.traversingBlockSelection1",
        "EL100132_MTR_OUT.posControlWord1.traversingBlockSelection2": "EL100132_MTR_OUT.posControlWord1.traversingBlockSelection2",
        "EL100132_MTR_OUT.posControlWord1.traversingBlockSelection3": "EL100132_MTR_OUT.posControlWord1.traversingBlockSelection3",
        "EL100132_MTR_OUT.posControlWord1.traversingBlockSelection4": "EL100132_MTR_OUT.posControlWord1.traversingBlockSelection4",
        "EL100132_MTR_OUT.posControlWord1.traversingBlockSelection5": "EL100132_MTR_OUT.posControlWord1.traversingBlockSelection5",
        "EL100132_MTR_OUT.posControlWord1.reserved2": "EL100132_MTR_OUT.posControlWord1.reserved2",
        "EL100132_MTR_OUT.posControlWord1.reserved3": "EL100132_MTR_OUT.posControlWord1.reserved3",
        "EL100132_MTR_OUT.posControlWord1.activateMdi": "EL100132_MTR_OUT.posControlWord1.activateMdi",
        "EL100132_MTR_OUT.posControlWord2.flyingReferenceSelection": "EL100132_MTR_OUT.posControlWord2.flyingReferenceSelection",
        "EL100132_MTR_OUT.posControlWord2.startReferenceNegative": "EL100132_MTR_OUT.posControlWord2.startReferenceNegative",
        "EL100132_MTR_OUT.posControlWord2.selectProbe2": "EL100132_MTR_OUT.posControlWord2.selectProbe2",
        "EL100132_MTR_OUT.posControlWord2.probeFallingEdge": "EL100132_MTR_OUT.posControlWord2.probeFallingEdge",
        "EL100132_MTR_OUT.posControlWord2.reserved0": "EL100132_MTR_OUT.posControlWord2.reserved0",
        "EL100132_MTR_OUT.posControlWord2.reserved1": "EL100132_MTR_OUT.posControlWord2.reserved1",
        "EL100132_MTR_OUT.posControlWord2.softwareLimitActive": "EL100132_MTR_OUT.posControlWord2.softwareLimitActive",
        "EL100132_MTR_OUT.posControlWord2.trackingMode": "EL100132_MTR_OUT.posControlWord2.trackingMode",
        "EL100132_MTR_OUT.posControlWord2.setReferencePoint": "EL100132_MTR_OUT.posControlWord2.setReferencePoint",
        "EL100132_MTR_OUT.posControlWord2.referenceCamActive": "EL100132_MTR_OUT.posControlWord2.referenceCamActive",
        "EL100132_MTR_OUT.posControlWord2.reserved2": "EL100132_MTR_OUT.posControlWord2.reserved2",
        "EL100132_MTR_OUT.posControlWord2.reserved3": "EL100132_MTR_OUT.posControlWord2.reserved3",
        "EL100132_MTR_OUT.posControlWord2.incrementalJogging": "EL100132_MTR_OUT.posControlWord2.incrementalJogging",
        "EL100132_MTR_OUT.posControlWord2.reserved4": "EL100132_MTR_OUT.posControlWord2.reserved4",
        "EL100132_MTR_OUT.posControlWord2.reserved5": "EL100132_MTR_OUT.posControlWord2.reserved5",
        "EL100132_MTR_OUT.posControlWord2.stopCamActive": "EL100132_MTR_OUT.posControlWord2.stopCamActive",
        "EL100132_MTR_OUT.controlWord2.travelToFixedStop": "EL100132_MTR_OUT.controlWord2.travelToFixedStop",
        "EL100132_MTR_OUT.controlWord2.reserved0": "EL100132_MTR_OUT.controlWord2.reserved0",
        "EL100132_MTR_OUT.controlWord2.pulsesEnabled": "EL100132_MTR_OUT.controlWord2.pulsesEnabled",
        "EL100132_MTR_OUT.controlWord2.reserved1": "EL100132_MTR_OUT.controlWord2.reserved1",
        "EL100132_MTR_OUT.controlWord2.digitalOutputSignOfLife0": "EL100132_MTR_OUT.controlWord2.digitalOutputSignOfLife0",
        "EL100132_MTR_OUT.controlWord2.digitalOutputSignOfLife1": "EL100132_MTR_OUT.controlWord2.digitalOutputSignOfLife1",
        "EL100132_MTR_OUT.controlWord2.digitalOutputSignOfLife2": "EL100132_MTR_OUT.controlWord2.digitalOutputSignOfLife2",
        "EL100132_MTR_OUT.controlWord2.digitalOutputSignOfLife3": "EL100132_MTR_OUT.controlWord2.digitalOutputSignOfLife3",
        "EL100132_MTR_OUT.controlWord2.setDdsEffective0": "EL100132_MTR_OUT.controlWord2.setDdsEffective0",
        "EL100132_MTR_OUT.controlWord2.setDdsEffective1": "EL100132_MTR_OUT.controlWord2.setDdsEffective1",
        "EL100132_MTR_OUT.controlWord2.reserved2": "EL100132_MTR_OUT.controlWord2.reserved2",
        "EL100132_MTR_OUT.controlWord2.reserved3": "EL100132_MTR_OUT.controlWord2.reserved3",
        "EL100132_MTR_OUT.controlWord2.reserved4": "EL100132_MTR_OUT.controlWord2.reserved4",
        "EL100132_MTR_OUT.controlWord2.alarmClass0": "EL100132_MTR_OUT.controlWord2.alarmClass0",
        "EL100132_MTR_OUT.controlWord2.alarmClass1": "EL100132_MTR_OUT.controlWord2.alarmClass1",
        "EL100132_MTR_OUT.controlWord2.reserved5": "EL100132_MTR_OUT.controlWord2.reserved5",
        "EL100132_MTR_OUT.positionSetpoint": "EL100132_MTR_OUT.positionSetpoint",
        "EL100132_MTR_OUT.velocitySetpoint": "EL100132_MTR_OUT.velocitySetpoint",
        "EL100132_MTR_OUT.accelSetpoint": "EL100132_MTR_OUT.accelSetpoint",
        "EL100132_MTR_OUT.decelSetpoint" : "EL100132_MTR_OUT.decelSetpoint"
      }
    }
  },
  "modeltype": "Loop"
}