{
  "children": {
    "PLC01": {
      "id": "PLC01",
      "input": {
        "PLC01_EZC01_AUX01_CONT_FAULT": "PLC01_EZC01_AUX01_CONT_FAULT",
        "PLC01_EZC01_AUX01_CONT_NC": "PLC01_EZC01_AUX01_CONT_NC",
        "PLC01_EZC01_AUX01_I_DC_OK": "PLC01_EZC01_AUX01_I_DC_OK",
        "PLC01_EZC01_AUX01_I_TEMP_OK": "PLC01_EZC01_AUX01_I_TEMP_OK",
        "PLC01_EZC01_AUX02_CONT_FAULT": "PLC01_EZC01_AUX02_CONT_FAULT",
        "PLC01_EZC01_AUX02_CONT_NC": "PLC01_EZC01_AUX02_CONT_NC",
        "PLC01_EZC01_AUX02_I_DC_OK": "PLC01_EZC01_AUX02_I_DC_OK",
        "PLC01_EZC01_AUX02_I_TEMP_OK": "PLC01_EZC01_AUX02_I_TEMP_OK",
        "PLC01_EZC01_CONT_FAULT": "PLC01_EZC01_CONT_FAULT",
        "PLC01_EZC01_CONT_NC": "PLC01_EZC01_CONT_NC",
        "PLC01_EZC01_I_DC_OK": "PLC01_EZC01_I_DC_OK",
        "PLC01_EZC01_I_TEMP_OK": "PLC01_EZC01_I_TEMP_OK",
        "PLC01_EZC02_AUX01_CONT_FAULT": "PLC01_EZC02_AUX01_CONT_FAULT",
        "PLC01_EZC02_AUX01_CONT_NC": "PLC01_EZC02_AUX01_CONT_NC",
        "PLC01_EZC02_AUX01_I_DC_OK": "PLC01_EZC02_AUX01_I_DC_OK",
        "PLC01_EZC02_AUX01_I_TEMP_OK": "PLC01_EZC02_AUX01_I_TEMP_OK",
        "PLC01_EZC02_CONT_FAULT": "PLC01_EZC02_CONT_FAULT",
        "PLC01_EZC02_CONT_NC": "PLC01_EZC02_CONT_NC",
        "PLC01_EZC02_I_DC_OK": "PLC01_EZC02_I_DC_OK",
        "PLC01_EZC02_I_TEMP_OK": "PLC01_EZC02_I_TEMP_OK",
        "PLC01_EZC03_AUX01_CONT_FAULT": "PLC01_EZC03_AUX01_CONT_FAULT",
        "PLC01_EZC03_AUX01_CONT_NC": "PLC01_EZC03_AUX01_CONT_NC",
        "PLC01_EZC03_AUX01_I_DC_OK": "PLC01_EZC03_AUX01_I_DC_OK",
        "PLC01_EZC03_AUX01_I_TEMP_OK": "PLC01_EZC03_AUX01_I_TEMP_OK",
        "PLC01_EZC03_CONT_FAULT": "PLC01_EZC03_CONT_FAULT",
        "PLC01_EZC03_CONT_NC": "PLC01_EZC03_CONT_NC",
        "PLC01_EZC03_I_DC_OK": "PLC01_EZC03_I_DC_OK",
        "PLC01_EZC03_I_TEMP_OK": "PLC01_EZC03_I_TEMP_OK",
        "PLC01_OK_FIRE_PLC": "PLC01_OK_FIRE_PLC",
        "PLC01_OK_INTERNAL_24V_PLC": "PLC01_OK_INTERNAL_24V_PLC",
        "PLC01_OK_PRESSURE_PLC": "PLC01_OK_PRESSURE_PLC",
        "PLC01_PB_ACK_ESTOP_PLC": "PLC01_PB_ACK_ESTOP_PLC",
        "PLC01_PB_ACK_FAULT_PLC": "PLC01_PB_ACK_FAULT_PLC",
        "PLC01_PB_LAMP_PLC": "PLC01_PB_LAMP_PLC",
        "PLC01_PB_START_PLC": "PLC01_PB_START_PLC",
        "PLC01_PB_STOP_PLC": "PLC01_PB_STOP_PLC",
        "PLC01_PNAG01_I_ASI_GW_BUS_FLT": "PLC01_PNAG01_I_ASI_GW_BUS_FLT",
        "PLC01_PNAG01_I_TEMP_PNAG_OK": "PLC01_PNAG01_I_TEMP_PNAG_OK",
        "PLC01_PNAG01_RPTR01_I_TEMP_RPTR_OK": "PLC01_PNAG01_RPTR01_I_TEMP_RPTR_OK",
        "PLC01_PNAG02_I_ASI_GW_BUS_FLT": "PLC01_PNAG02_I_ASI_GW_BUS_FLT",
        "PLC01_PNAG02_I_TEMP_PNAG_OK": "PLC01_PNAG02_I_TEMP_PNAG_OK",
        "PLC01_PNAG03_I_ASI_GW_BUS_FLT": "PLC01_PNAG03_I_ASI_GW_BUS_FLT",
        "PLC01_PNAG03_I_TEMP_PNAG_OK": "PLC01_PNAG03_I_TEMP_PNAG_OK"
      },
      "modeltype": "Plc01",
      "output": {
        "PLC01_LMP_ESTRIP_PLC": "PLC01_LMP_ESTRIP_PLC",
        "PLC01_LMP_FAULT_PLC": "PLC01_LMP_FAULT_PLC",
        "PLC01_LMP_HCOMM_FLT_PLC": "PLC01_LMP_HCOMM_FLT_PLC",
        "PLC01_LMP_LOWAIR_PLC": "PLC01_LMP_LOWAIR_PLC",
        "PLC01_LMP_MOT_FLT_PLC": "PLC01_LMP_MOT_FLT_PLC",
        "PLC01_LMP_RUNNING_PLC": "PLC01_LMP_RUNNING_PLC",
        "PLC01_BEA_FAULT_PLC": "PLC01_BEA_FAULT_PLC",
        "PLC01_BEA_KLAX_PLC": "PLC01_BEA_KLAX_PLC",
        "PLC01_BEA_RUN_PLC": "PLC01_BEA_RUN_PLC",
        "PLC01_EZC02_CONT_COIL": "PLC01_EZC02_CONT_COIL",
        "PLC01_EZC02_AUX01_CONT_COIL": "PLC01_EZC02_AUX01_CONT_COIL",
        "PLC01_EZC01_CONT_COIL": "PLC01_EZC01_CONT_COIL",
        "PLC01_EZC01_AUX02_CONT_COIL": "PLC01_EZC01_AUX02_CONT_COIL",
        "PLC01_EZC01_AUX01_CONT_COIL": "PLC01_EZC01_AUX01_CONT_COIL",
        "PLC01_EZC03_CONT_COIL": "PLC01_EZC03_CONT_COIL",
        "PLC01_EZC03_AUX01_CONT_COIL": "PLC01_EZC03_AUX01_CONT_COIL"
      }
    }
  },
  "modeltype": "Loop"
}