{
  "children": {
    "PLC02": {
      "id": "PLC02",
      "input": {
        "PLC02_PNAG03_I_TEMP_PNAG_OK": "PLC02_PNAG03_I_TEMP_PNAG_OK",
        "PLC02_PNAG03_I_ASI_GW_BUS_FLT": "PLC02_PNAG03_I_ASI_GW_BUS_FLT",
        "PLC02_PNAG02_I_TEMP_PNAG_OK": "PLC02_PNAG02_I_TEMP_PNAG_OK",
        "PLC02_PNAG02_I_ASI_GW_BUS_FLT": "PLC02_PNAG02_I_ASI_GW_BUS_FLT",
        "PLC02_PNAG01_RPTR03_I_TEMP_RPTR_OK": "PLC02_PNAG01_RPTR03_I_TEMP_RPTR_OK",
        "PLC02_PNAG01_RPTR02_I_TEMP_RPTR_OK": "PLC02_PNAG01_RPTR02_I_TEMP_RPTR_OK",
        "PLC02_PNAG01_RPTR01_I_TEMP_RPTR_OK": "PLC02_PNAG01_RPTR01_I_TEMP_RPTR_OK",
        "PLC02_PNAG01_I_TEMP_PNAG_OK": "PLC02_PNAG01_I_TEMP_PNAG_OK",
        "PLC02_PNAG01_I_ASI_GW_BUS_FLT": "PLC02_PNAG01_I_ASI_GW_BUS_FLT",
        "PLC02_PB_STOP_PLC": "PLC02_PB_STOP_PLC",
        "PLC02_PB_START_PLC": "PLC02_PB_START_PLC",
        "PLC02_PB_LAMP_PLC": "PLC02_PB_LAMP_PLC",
        "PLC02_PB_ACK_FAULT_PLC": "PLC02_PB_ACK_FAULT_PLC",
        "PLC02_PB_ACK_ESTOP_PLC": "PLC02_PB_ACK_ESTOP_PLC",
        "PLC02_OK_PRESSURE_PLC": "PLC02_OK_PRESSURE_PLC",
        "PLC02_OK_INTERNAL_24V_PLC": "PLC02_OK_INTERNAL_24V_PLC",
        "PLC02_OK_FIRE_PLC": "PLC02_OK_FIRE_PLC",
        "PLC02_EZC03_I_TEMP_OK": "PLC02_EZC03_I_TEMP_OK",
        "PLC02_EZC03_I_DC_OK": "PLC02_EZC03_I_DC_OK",
        "PLC02_EZC03_CONT_NC": "PLC02_EZC03_CONT_NC",
        "PLC02_EZC03_CONT_FAULT": "PLC02_EZC03_CONT_FAULT",
        "PLC02_EZC03_AUX01_I_TEMP_OK": "PLC02_EZC03_AUX01_I_TEMP_OK",
        "PLC02_EZC03_AUX01_I_DC_OK": "PLC02_EZC03_AUX01_I_DC_OK",
        "PLC02_EZC03_AUX01_CONT_NC": "PLC02_EZC03_AUX01_CONT_NC",
        "PLC02_EZC03_AUX01_CONT_FAULT": "PLC02_EZC03_AUX01_CONT_FAULT",
        "PLC02_EZC02_I_TEMP_OK": "PLC02_EZC02_I_TEMP_OK",
        "PLC02_EZC02_I_DC_OK": "PLC02_EZC02_I_DC_OK",
        "PLC02_EZC02_CONT_NC": "PLC02_EZC02_CONT_NC",
        "PLC02_EZC02_CONT_FAULT": "PLC02_EZC02_CONT_FAULT",
        "PLC02_EZC02_AUX02_I_TEMP_OK": "PLC02_EZC02_AUX02_I_TEMP_OK",
        "PLC02_EZC02_AUX02_I_DC_OK": "PLC02_EZC02_AUX02_I_DC_OK",
        "PLC02_EZC02_AUX02_CONT_NC": "PLC02_EZC02_AUX02_CONT_NC",
        "PLC02_EZC02_AUX02_CONT_FAULT": "PLC02_EZC02_AUX02_CONT_FAULT",
        "PLC02_EZC02_AUX01_I_TEMP_OK": "PLC02_EZC02_AUX01_I_TEMP_OK",
        "PLC02_EZC02_AUX01_I_DC_OK": "PLC02_EZC02_AUX01_I_DC_OK",
        "PLC02_EZC02_AUX01_CONT_NC": "PLC02_EZC02_AUX01_CONT_NC",
        "PLC02_EZC02_AUX01_CONT_FAULT": "PLC02_EZC02_AUX01_CONT_FAULT",
        "PLC02_EZC01_I_TEMP_OK": "PLC02_EZC01_I_TEMP_OK",
        "PLC02_EZC01_I_DC_OK": "PLC02_EZC01_I_DC_OK",
        "PLC02_EZC01_CONT_NC": "PLC02_EZC01_CONT_NC",
        "PLC02_EZC01_CONT_FAULT": "PLC02_EZC01_CONT_FAULT",
        "PLC02_EZC01_AUX03_I_TEMP_OK": "PLC02_EZC01_AUX03_I_TEMP_OK",
        "PLC02_EZC01_AUX03_I_DC_OK": "PLC02_EZC01_AUX03_I_DC_OK",
        "PLC02_EZC01_AUX03_CONT_NC": "PLC02_EZC01_AUX03_CONT_NC",
        "PLC02_EZC01_AUX03_CONT_FAULT": "PLC02_EZC01_AUX03_CONT_FAULT",
        "PLC02_EZC01_AUX02_I_TEMP_OK": "PLC02_EZC01_AUX02_I_TEMP_OK",
        "PLC02_EZC01_AUX02_I_DC_OK": "PLC02_EZC01_AUX02_I_DC_OK",
        "PLC02_EZC01_AUX02_CONT_NC": "PLC02_EZC01_AUX02_CONT_NC",
        "PLC02_EZC01_AUX02_CONT_FAULT": "PLC02_EZC01_AUX02_CONT_FAULT",
        "PLC02_EZC01_AUX01_I_TEMP_OK": "PLC02_EZC01_AUX01_I_TEMP_OK",
        "PLC02_EZC01_AUX01_I_DC_OK": "PLC02_EZC01_AUX01_I_DC_OK",
        "PLC02_EZC01_AUX01_CONT_NC": "PLC02_EZC01_AUX01_CONT_NC",
        "PLC02_EZC01_AUX01_CONT_FAULT": "PLC02_EZC01_AUX01_CONT_FAULT"
      },
      "modeltype": "Plc02",
      "output": {
        "PLC02_BEA_RUN_PLC": "PLC02_BEA_RUN_PLC",
        "PLC02_BEA_KLAX_PLC": "PLC02_BEA_KLAX_PLC",
        "PLC02_BEA_FAULT_PLC": "PLC02_BEA_FAULT_PLC",
        "PLC02_LMP_RUNNING_PLC": "PLC02_LMP_RUNNING_PLC",
        "PLC02_LMP_MOT_FLT_PLC": "PLC02_LMP_MOT_FLT_PLC",
        "PLC02_LMP_LOWAIR_PLC": "PLC02_LMP_LOWAIR_PLC",
        "PLC02_LMP_HCOMM_FLT_PLC": "PLC02_LMP_HCOMM_FLT_PLC",
        "PLC02_LMP_FAULT_PLC": "PLC02_LMP_FAULT_PLC",
        "PLC02_LMP_ESTRIP_PLC": "PLC02_LMP_ESTRIP_PLC",
        "PLC02_EZC03_CONT_COIL": "PLC02_EZC03_CONT_COIL",
        "PLC02_EZC03_AUX01_CONT_COIL": "PLC02_EZC03_AUX01_CONT_COIL",
        "PLC02_EZC02_CONT_COIL": "PLC02_EZC02_CONT_COIL",
        "PLC02_EZC02_AUX02_CONT_COIL": "PLC02_EZC02_AUX02_CONT_COIL",
        "PLC02_EZC02_AUX01_CONT_COIL": "PLC02_EZC02_AUX01_CONT_COIL",
        "PLC02_EZC01_CONT_COIL": "PLC02_EZC01_CONT_COIL",
        "PLC02_EZC01_AUX03_CONT_COIL": "PLC02_EZC01_AUX03_CONT_COIL",
        "PLC02_EZC01_AUX02_CONT_COIL": "PLC02_EZC01_AUX02_CONT_COIL",
        "PLC02_EZC01_AUX01_CONT_COIL": "PLC02_EZC01_AUX01_CONT_COIL"
      }
    }
  },
  "modeltype": "Loop"
}