{
  "children": {
    "410315_01": {
      "blocktype": "CaseTransportType01",
      "children": {
        "transport": {
          "children": {
            "drivex": {
              "id": "",
              "brake_motion": 400,
              "min_motion": 1500,
              "nominal_motion": 1300,
              "max_motion": 2800,
              "input": {
                "FLT": "BT410315_01_BLT1_FLT",
                "OK": "BT410315_01_BLT1_OK"
              },
              "modeltype": "Ecc",
              "output": {
                "RUN": "BT410315_01_BLT1_RUN",
                "DIR": "BT410315_01_BLT1_DIR",
                "SS1": "BT410315_01_BLT1_SS1",
                "SS2": "BT410315_01_BLT1_SS2"
              }
            }
          },
          "id": "",
          "input": {
            "X_OCC2": "BT410315_01_PE_P"
          },
          "modeltype": "Belt",
          "output": {}
        },
        "lhd": {
          "modeltype": "LHD",
          "id": ""
        },
        "scanner": {
          "id": "",
          "input": {
            "barcode[1]": "BT410315_01Scanner_IN.barcode[1]",
            "barcode[2]": "BT410315_01Scanner_IN.barcode[2]",
            "barcode[3]": "BT410315_01Scanner_IN.barcode[3]",
            "barcode[4]": "BT410315_01Scanner_IN.barcode[4]",
            "barcode[5]": "BT410315_01Scanner_IN.barcode[5]",
            "barcode[6]": "BT410315_01Scanner_IN.barcode[6]",
            "barcode[7]": "BT410315_01Scanner_IN.barcode[7]",
            "barcode[8]": "BT410315_01Scanner_IN.barcode[8]",
            "barcode[9]": "BT410315_01Scanner_IN.barcode[9]",
            "barcode[10]": "BT410315_01Scanner_IN.barcode[10]",
            "barcode[11]": "BT410315_01Scanner_IN.barcode[11]",
            "barcode[12]": "BT410315_01Scanner_IN.barcode[12]",
            "barcode[13]": "BT410315_01Scanner_IN.barcode[13]",
            "barcode[14]": "BT410315_01Scanner_IN.barcode[14]",
            "barcode[15]": "BT410315_01Scanner_IN.barcode[15]",
            "barcode[16]": "BT410315_01Scanner_IN.barcode[16]",
            "barcode[17]": "BT410315_01Scanner_IN.barcode[17]",
            "barcode[18]": "BT410315_01Scanner_IN.barcode[18]",
            "barcode[19]": "BT410315_01Scanner_IN.barcode[19]",
            "barcode[20]": "BT410315_01Scanner_IN.barcode[20]",
            "barcode[21]": "BT410315_01Scanner_IN.barcode[21]",
            "barcode[22]": "BT410315_01Scanner_IN.barcode[22]",
            "barcode[23]": "BT410315_01Scanner_IN.barcode[23]",
            "barcode[24]": "BT410315_01Scanner_IN.barcode[24]",
            "COMPLETE": "BT410315_01Scanner_IN.readComplete"
          },
          "modeltype": "Scanner",
          "output": {}
        }
      },
      "id": "410315_01",
      "junctions": [
        [
          "TRAYER_1_LLZ6",
          "410315_02",
          null,
          null
        ]
      ],
      "mechtype": "BT",
      "modeltype": "Conveyor",
      "name": "BT410315_01",
      "sizex": 914.4,
      "sizey": 787
    },
    "410315_02": {
      "blocktype": "CaseTransportType01",
      "children": {
        "transport": {
          "children": {
            "drivex": {
              "id": "",
              "brake_motion": 400,
              "min_motion": 1500,
              "nominal_motion": 1300,
              "max_motion": 2800,
              "input": {
                "FLT": "BT410315_02_BLT1_FLT",
                "OK": "BT410315_02_BLT1_OK"
              },
              "modeltype": "Ecc",
              "output": {
                "RUN": "BT410315_02_BLT1_RUN",
                "DIR": "BT410315_02_BLT1_DIR",
                "SS1": "BT410315_02_BLT1_SS1",
                "SS2": "BT410315_02_BLT1_SS2"
              }
            }
          },
          "id": "",
          "input": {
            "X_OCC2": "BT410315_02_PE_P"
          },
          "modeltype": "Belt",
          "output": {}
        },
        "lhd": {
          "modeltype": "LHD",
          "id": ""
        }
      },
      "id": "410315_02",
      "junctions": [
        [
          "410315_01",
          "410315_03",
          null,
          null
        ]
      ],
      "mechtype": "BT",
      "modeltype": "Conveyor",
      "name": "BT410315_02",
      "sizex": 914.4,
      "sizey": 787
    },
    "410315_03": {
      "blocktype": "CaseTransportType01",
      "children": {
        "transport": {
          "children": {
            "drivex": {
              "id": "",
              "brake_motion": 400,
              "min_motion": 1500,
              "nominal_motion": 1300,
              "max_motion": 2800,
              "input": {
                "FLT": "BT410315_03_BLT1_FLT",
                "OK": "BT410315_03_BLT1_OK"
              },
              "modeltype": "Ecc",
              "output": {
                "RUN": "BT410315_03_BLT1_RUN",
                "DIR": "BT410315_03_BLT1_DIR",
                "SS1": "BT410315_03_BLT1_SS1",
                "SS2": "BT410315_03_BLT1_SS2"
              }
            }
          },
          "id": "",
          "input": {
            "X_OCC2": "BT410315_03_PE_P"
          },
          "modeltype": "Belt",
          "output": {}
        },
        "lhd": {
          "modeltype": "LHD",
          "id": ""
        }
      },
      "id": "410315_03",
      "junctions": [
        [
          "410315_02",
          "410315_04",
          null,
          null
        ]
      ],
      "mechtype": "BT",
      "modeltype": "Conveyor",
      "name": "BT410315_03",
      "sizex": 914.4,
      "sizey": 787
    },
    "410315_04": {
      "comment": "Trayer destination and tu removal",
      "blocktype": "CaseTransportType01",
      "children": {
        "transport": {
          "children": {
            "drivex": {
              "id": "",
              "brake_motion": 400,
              "min_motion": 1500,
              "nominal_motion": 1300,
              "max_motion": 2800,
              "input": {
                "FLT": "BT410315_04_BLT1_FLT",
                "OK": "BT410315_04_BLT1_OK"
              },
              "modeltype": "Ecc",
              "output": {
                "RUN": "BT410315_04_BLT1_RUN",
                "DIR": "BT410315_04_BLT1_DIR",
                "SS1": "BT410315_04_BLT1_SS1",
                "SS2": "BT410315_04_BLT1_SS2"
              }
            }
          },
          "id": "",
          "input": {
            "X_OCC2": "BT410315_04_PE_P"
          },
          "modeltype": "Belt",
          "output": {}
        },
        "lhd": {
          "modeltype": "LHD",
          "id": ""
        }
      },
      "id": "410315_04",
      "junctions": [
        [
          "410315_03",
          null,
          null,
          null
        ]
      ],
      "mechtype": "BT",
      "modeltype": "Conveyor",
      "name": "BT410315_03",
      "sizex": 914.4,
      "sizey": 787
    },
    "TRAYER_1_LLZ6": {
      "blocktype": "CaseTransportType01",
      "children": {
        "transport": {
          "children": {
            "drivex": {
              "id": "",
              "brake_motion": 400,
              "min_motion": 1500,
              "nominal_motion": 1300,
              "max_motion": 2800,
              "input": {
                "FLT": "LLZ6_BLT1_FLT",
                "OK": "LLZ6_BLT1_OK"
              },
              "modeltype": "Ecc",
              "output": {
                "RUN": "LLZ6_BLT1_RUN",
                "DIR": "LLZ6_BLT1_DIR",
                "SS1": "LLZ6_BLT1_SS1",
                "SS2": "LLZ6_BLT1_SS2"
              }
            }
          },
          "id": "",
          "input": {
            "X_OCC2": "LLZ6_PE_P"
          },
          "pe": {
            "X_OCC2": [520, 0, 520, 787]
          },
          "modeltype": "Belt",
          "output": {}
        },
        "lhd": {
          "modeltype": "LHD",
          "id": ""
        }
      },
      "id": "TRAYER_1_LLZ6",
      "junctions": [
        [
          "TRAYER_1_LLZ5",
          "410315_01",
          null,
          null
        ]
      ],
      "mechtype": "BT",
      "modeltype": "Conveyor",
      "name": "TRAYER_1_LLZ6",
      "sizex": 1200,
      "sizey": 787
    },
    "TRAYER_1_LLZ5": {
      "comment": "Min and Nom speeds lowered",
      "blocktype": "CaseTransportType01",
      "children": {
        "transport": {
          "children": {
            "drivex": {
              "id": "",
              "brake_motion": 400,
              "min_motion": 500,
              "nominal_motion": 900,
              "max_motion": 2800,
              "input": {
                "FLT": "LLZ5_BLT1_FLT",
                "OK": "LLZ5_BLT1_OK"
              },
              "modeltype": "Ecc",
              "output": {
                "RUN": "LLZ5_BLT1_RUN",
                "DIR": "LLZ5_BLT1_DIR",
                "SS1": "LLZ5_BLT1_SS1",
                "SS2": "LLZ5_BLT1_SS2"
              }
            }
          },
          "id": "",
          "input": {
            "X_OCC2": "LLZ5_PE_P"
          },
          "pe": {
            "X_OCC2": [770, 0, 770, 787]
          },
          "modeltype": "Belt",
          "output": {}
        },
        "lhd": {
          "modeltype": "LHD",
          "id": ""
        }
      },
      "id": "TRAYER_1_LLZ5",
      "junctions": [
        [
          "TRAYER_1_LLZ4",
          "TRAYER_1_LLZ6",
          null,
          null
        ]
      ],
      "mechtype": "BT",
      "modeltype": "Conveyor",
      "name": "TRAYER_1_LLZ5",
      "sizex": 1200,
      "sizey": 787
    },
    "TRAYER_1_LLZ4": {
      "blocktype": "CaseTransportType01",
      "children": {
        "transport": {
          "children": {
            "drivex": {
              "id": "",
              "brake_motion": 400,
              "min_motion": 600,
              "nominal_motion": 1300,
              "max_motion": 2800,
              "input": {
                "FLT": "LLZ4_BLT1_FLT",
                "OK": "LLZ4_BLT1_OK"
              },
              "modeltype": "Ecc",
              "output": {
                "RUN": "LLZ4_BLT1_RUN",
                "DIR": "LLZ4_BLT1_DIR",
                "SS1": "LLZ4_BLT1_SS1",
                "SS2": "LLZ4_BLT1_SS2"
              }
            }
          },
          "id": "",
          "input": {
            "X_OCC2": "LLZ4_PE_P"
          },
          "pe": {
            "X_OCC2": [651, 0, 651, 787]
          },
          "modeltype": "Belt",
          "output": {}
        },
        "lhd": {
          "modeltype": "LHD",
          "id": ""
        }
      },
      "id": "TRAYER_1_LLZ4",
      "junctions": [
        [
          "TRAYER_1_LLZ3",
          "TRAYER_1_LLZ5",
          null,
          null
        ]
      ],
      "mechtype": "BT",
      "modeltype": "Conveyor",
      "name": "TRAYER_1_LLZ4",
      "sizex": 1016,
      "sizey": 787
    },
    "TRAYER_1_LLZ3": {
      "blocktype": "CaseTransportType01",
      "children": {
        "transport": {
          "children": {
            "drivex": {
              "id": "",
              "brake_motion": 400,
              "min_motion": 600,
              "nominal_motion": 1200,
              "max_motion": 2800,
              "input": {
                "FLT": "LLZ3_BLT1_FLT",
                "OK": "LLZ3_BLT1_OK"
              },
              "modeltype": "Ecc",
              "output": {
                "RUN": "LLZ3_BLT1_RUN",
                "DIR": "LLZ3_BLT1_DIR",
                "SS1": "LLZ3_BLT1_SS1",
                "SS2": "LLZ3_BLT1_SS2"
              }
            }
          },
          "id": "",
          "input": {
            "X_OCC2": "LLZ3_PE_P"
          },
          "pe": {
            "X_OCC2": [1048, 0, 1048, 787]
          },
          "modeltype": "Belt",
          "output": {}
        },
        "lhd": {
          "modeltype": "LHD",
          "id": ""
        }
      },
      "id": "TRAYER_1_LLZ3",
      "junctions": [
        [
          "TRAYER_1_LLZ2",
          "TRAYER_1_LLZ4",
          null,
          null
        ]
      ],
      "mechtype": "BT",
      "modeltype": "Conveyor",
      "name": "TRAYER_1_LLZ3",
      "sizex": 1448,
      "sizey": 787
    },
    "TRAYER_1_LLZ2": {
      "blocktype": "CaseTransportType01",
      "children": {
        "transport": {
          "children": {
            "drivex": {
              "id": "",
              "brake_motion": 400,
              "min_motion": 600,
              "nominal_motion": 1200,
              "max_motion": 2800,
              "input": {
                "FLT": "LLZ2_ROL1_FLT",
                "OK": "LLZ2_ROL1_OK"
              },
              "modeltype": "Ecc",
              "output": {
                "RUN": "LLZ2_ROL1_RUN",
                "DIR": "LLZ2_ROL1_DIR",
                "SS1": "LLZ2_ROL1_SS1",
                "SS2": "LLZ2_ROL1_SS2"
              }
            }
          },
          "id": "",
          "input": {
            "X_OCC2": "LLZ2_PE_P"
          },
          "pe": {
            "X_OCC2": [514, 0, 514, 787]
          },
          "modeltype": "Roller",
          "output": {}
        },
        "lhd": {
          "modeltype": "LHD",
          "id": ""
        }
      },
      "id": "TRAYER_1_LLZ2",
      "junctions": [
        [
          "TRAYER_1_LLZ1",
          "TRAYER_1_LLZ3",
          null,
          null
        ]
      ],
      "mechtype": "RT",
      "modeltype": "Conveyor",
      "name": "TRAYER_1_LLZ2",
      "sizex": 914.4,
      "sizey": 787
    },
    "TRAYER_1_LLZ1": {
      "blocktype": "CaseTransportType01",
      "children": {
        "transport": {
          "children": {
            "drivex": {
              "id": "",
              "brake_motion": 400,
              "min_motion": 600,
              "nominal_motion": 1200,
              "max_motion": 2800,
              "input": {
                "FLT": "LLZ1_ROL1_FLT",
                "OK": "LLZ1_ROL1_OK"
              },
              "modeltype": "Ecc",
              "output": {
                "RUN": "LLZ1_ROL1_RUN",
                "DIR": "LLZ1_ROL1_DIR",
                "SS1": "LLZ1_ROL1_SS1",
                "SS2": "LLZ1_ROL1_SS2"
              }
            }
          },
          "id": "",
          "input": {
            "X_OCC2": "LLZ1_PE_P"
          },
          "pe": {
            "X_OCC2": [637, 0, 637, 787]
          },
          "modeltype": "Roller",
          "output": {}
        },
        "lhd": {
          "modeltype": "LHD",
          "id": ""
        }
      },
      "id": "TRAYER_1_LLZ1",
      "junctions": [
        [
          "410310_02",
          "TRAYER_1_LLZ2",
          null,
          null
        ]
      ],
      "mechtype": "BT",
      "modeltype": "Conveyor",
      "name": "TRAYER_1_LLZ1",
      "sizex": 887,
      "sizey": 787
    },
    "TRAYER_1_MLZ4": {
      "comment": "Min and Nom speeds lowered",
      "blocktype": "CaseTransportType01",
      "children": {
        "transport": {
          "children": {
            "drivex": {
              "id": "",
              "brake_motion": 400,
              "min_motion": 500,
              "nominal_motion": 900,
              "max_motion": 2800,
              "input": {
                "FLT": "MLZ4_BLT1_FLT",
                "OK": "MLZ4_BLT1_OK"
              },
              "modeltype": "Ecc",
              "output": {
                "RUN": "MLZ4_BLT1_RUN",
                "DIR": "MLZ4_BLT1_DIR",
                "SS1": "MLZ4_BLT1_SS1",
                "SS2": "MLZ4_BLT1_SS2"
              }
            }
          },
          "id": "",
          "input": {
            "X_OCC2": "MLZ4_PE_P"
          },
          "pe": {
            "X_OCC2": [870, 0, 870, 787]
          },
          "modeltype": "Belt",
          "output": {}
        },
        "lhd": {
          "modeltype": "LHD",
          "id": ""
        }
      },
      "id": "TRAYER_1_MLZ4",
      "junctions": [
        [
          "TRAYER_1_MLZ3",
          "DM_TRAYER_1_MLZ4_TRAYER_1_LLZ5",
          null,
          null
        ]
      ],
      "mechtype": "BT",
      "modeltype": "Conveyor",
      "name": "TRAYER_1_MLZ4",
      "sizex": 1263,
      "sizey": 787
    },
    "DM_TRAYER_1_MLZ4_TRAYER_1_LLZ5": {
      "modeltype": "DropMerge",
      "id": "DM_TRAYER_1_MLZ4_TRAYER_1_LLZ5",
      "upstream_id": "TRAYER_1_MLZ4",
      "downstream_id": "TRAYER_1_LLZ5",
      "x1": 280,
      "y1": 0,
      "x2": 280,
      "y2": 787,
      "junctions": [
        [
          "TRAYER_1_MLZ4",
          null,
          null,
          null
        ]
      ]
    },
    "TRAYER_1_MLZ3": {
      "blocktype": "CaseTransportType01",
      "children": {
        "transport": {
          "children": {
            "drivex": {
              "id": "",
              "brake_motion": 400,
              "min_motion": 600,
              "nominal_motion": 1200,
              "max_motion": 2800,
              "input": {
                "FLT": "MLZ3_BLT1_FLT",
                "OK": "MLZ3_BLT1_OK"
              },
              "modeltype": "Ecc",
              "output": {
                "RUN": "MLZ3_BLT1_RUN",
                "DIR": "MLZ3_BLT1_DIR",
                "SS1": "MLZ3_BLT1_SS1",
                "SS2": "MLZ3_BLT1_SS2"
              }
            }
          },
          "id": "",
          "input": {
            "X_OCC2": "MLZ3_PE_P"
          },
          "pe": {
            "X_OCC2": [1045, 0, 1045, 787]
          },
          "modeltype": "Belt",
          "output": {}
        },
        "lhd": {
          "modeltype": "LHD",
          "id": ""
        }
      },
      "id": "TRAYER_1_MLZ3",
      "junctions": [
        [
          "TRAYER_1_MLZ2",
          "TRAYER_1_MLZ4",
          null,
          null
        ]
      ],
      "mechtype": "BT",
      "modeltype": "Conveyor",
      "name": "TRAYER_1_MLZ3",
      "sizex": 1295,
      "sizey": 787
    },
    "TRAYER_1_MLZ2": {
      "blocktype": "CaseTransportType01",
      "children": {
        "transport": {
          "children": {
            "drivex": {
              "id": "",
              "brake_motion": 400,
              "min_motion": 600,
              "nominal_motion": 1200,
              "max_motion": 2800,
              "input": {
                "FLT": "MLZ2_ROL1_FLT",
                "OK": "MLZ2_ROL1_OK"
              },
              "modeltype": "Ecc",
              "output": {
                "RUN": "MLZ2_ROL1_RUN",
                "DIR": "MLZ2_ROL1_DIR",
                "SS1": "MLZ2_ROL1_SS1",
                "SS2": "MLZ2_ROL1_SS2"
              }
            }
          },
          "id": "",
          "input": {
            "X_OCC2": "MLZ2_PE_P"
          },
          "pe": {
            "X_OCC2": [664, 0, 664, 787]
          },
          "modeltype": "Roller",
          "output": {}
        },
        "lhd": {
          "modeltype": "LHD",
          "id": ""
        }
      },
      "id": "TRAYER_1_MLZ2",
      "junctions": [
        [
          "TRAYER_1_MLZ1",
          "TRAYER_1_MLZ3",
          null,
          null
        ]
      ],
      "mechtype": "RT",
      "modeltype": "Conveyor",
      "name": "TRAYER_1_MLZ2",
      "sizex": 914.4,
      "sizey": 787
    },
    "TRAYER_1_MLZ1": {
      "blocktype": "CaseTransportType01",
      "children": {
        "transport": {
          "children": {
            "drivex": {
              "id": "",
              "brake_motion": 400,
              "min_motion": 600,
              "nominal_motion": 1200,
              "max_motion": 2800,
              "input": {
                "FLT": "MLZ1_ROL1_FLT",
                "OK": "MLZ1_ROL1_OK"
              },
              "modeltype": "Ecc",
              "output": {
                "RUN": "MLZ1_ROL1_RUN",
                "DIR": "MLZ1_ROL1_DIR",
                "SS1": "MLZ1_ROL1_SS1",
                "SS2": "MLZ1_ROL1_SS2"
              }
            }
          },
          "id": "",
          "input": {
            "X_OCC2": "MLZ1_PE_P"
          },
          "pe": {
            "X_OCC2": [657, 0, 657, 787]
          },
          "modeltype": "Roller",
          "output": {}
        },
        "lhd": {
          "modeltype": "LHD",
          "id": ""
        }
      },
      "id": "TRAYER_1_MLZ1",
      "junctions": [
        [
          "410210_01",
          "TRAYER_1_MLZ2",
          null,
          null
        ]
      ],
      "mechtype": "RT",
      "modeltype": "Conveyor",
      "name": "TRAYER_1_MLZ1",
      "sizex": 907,
      "sizey": 787
    },
    "DM_TRAYER_1_ULZ4_TRAYER_1_LLZ6": {
      "modeltype": "DropMerge",
      "id": "DM_TRAYER_1_ULZ4_TRAYER_1_LLZ6",
      "upstream_id": "TRAYER_1_ULZ4",
      "downstream_id": "TRAYER_1_LLZ6",
      "x1": 100,
      "y1": 0,
      "x2": 100,
      "y2": 787,
      "junctions": [
        [
          "TRAYER_1_ULZ4",
          null,
          null,
          null
        ]
      ]
    },
    "TRAYER_1_ULZ4": {
      "blocktype": "CaseTransportType01",
      "children": {
        "transport": {
          "children": {
            "drivex": {
              "id": "",
              "brake_motion": 400,
              "min_motion": 600,
              "nominal_motion": 1900,
              "max_motion": 2800,
              "input": {
                "FLT": "ULZ4_BLT1_FLT",
                "OK": "ULZ4_BLT1_OK"
              },
              "modeltype": "Ecc",
              "output": {
                "RUN": "ULZ4_BLT1_RUN",
                "DIR": "ULZ4_BLT1_DIR",
                "SS1": "ULZ4_BLT1_SS1",
                "SS2": "ULZ4_BLT1_SS2"
              }
            }
          },
          "id": "",
          "input": {
            "X_OCC1": "ULZ4_PE_P"
          },
          "pe": {
            "X_OCC1": [180, 0, 180, 787]
          },
          "modeltype": "Belt",
          "output": {}
        },
        "lhd": {
          "modeltype": "LHD",
          "id": ""
        }
      },
      "id": "TRAYER_1_ULZ4",
      "junctions": [
        [
          "TRAYER_1_ULZ3",
          "DM_TRAYER_1_ULZ4_TRAYER_1_LLZ6",
          null,
          null
        ]
      ],
      "mechtype": "BT",
      "modeltype": "Conveyor",
      "name": "TRAYER_1_ULZ4",
      "sizex": 1580,
      "sizey": 787
    },
    "TRAYER_1_ULZ3": {
      "blocktype": "CaseTransportType01",
      "children": {
        "transport": {
          "children": {
            "drivex": {
              "id": "",
              "brake_motion": 400,
              "min_motion": 600,
              "nominal_motion": 1500,
              "max_motion": 2800,
              "input": {
                "FLT": "ULZ3_BLT1_FLT",
                "OK": "ULZ3_BLT1_OK"
              },
              "modeltype": "Ecc",
              "output": {
                "RUN": "ULZ3_BLT1_RUN",
                "DIR": "ULZ3_BLT1_DIR",
                "SS1": "ULZ3_BLT1_SS1",
                "SS2": "ULZ3_BLT1_SS2"
              }
            }
          },
          "id": "",
          "input": {
            "X_OCC2": "ULZ3_PE_P"
          },
          "pe": {
            "X_OCC2": [1291, 0, 1291, 787]
          },
          "modeltype": "Belt",
          "output": {}
        },
        "lhd": {
          "modeltype": "LHD",
          "id": ""
        }
      },
      "id": "TRAYER_1_ULZ3",
      "junctions": [
        [
          "TRAYER_1_ULZ2",
          "TRAYER_1_ULZ4",
          null,
          null
        ]
      ],
      "mechtype": "BT",
      "modeltype": "Conveyor",
      "name": "TRAYER_1_ULZ3",
      "sizex": 1791,
      "sizey": 787
    },
    "TRAYER_1_ULZ2": {
      "blocktype": "CaseTransportType01",
      "children": {
        "transport": {
          "children": {
            "drivex": {
              "id": "",
              "brake_motion": 400,
              "min_motion": 600,
              "nominal_motion": 800,
              "max_motion": 2800,
              "input": {
                "FLT": "ULZ2_BLT1_FLT",
                "OK": "ULZ2_BLT1_OK"
              },
              "modeltype": "Ecc",
              "output": {
                "RUN": "ULZ2_BLT1_RUN",
                "DIR": "ULZ2_BLT1_DIR",
                "SS1": "ULZ2_BLT1_SS1",
                "SS2": "ULZ2_BLT1_SS2"
              }
            }
          },
          "id": "",
          "input": {
            "X_OCC2": "ULZ2_PE_P"
          },
          "pe": {
            "X_OCC2": [850, 0, 850, 787]
          },
          "modeltype": "Belt",
          "output": {}
        },
        "lhd": {
          "modeltype": "LHD",
          "id": ""
        },
        "ppi": {
          "modeltype": "PositionEncoder",
          "input": {
            "COUNT": "ULZ2_PULSE_COUNT"
          }
        },
        "screen": {
          "modeltype": "LightScreen",
          "input": {
            "VER_NBB": "ULZ2_LC_VER_NBB",
            "HOR_NBB" : "ULZ2_LC_HOR_NBB",
            "HOR_BEAMS" : "TR410100_LG_WIDTH_BEAMS",
            "VER_BEAMS" : "TR410100_LG_HEIGHT_BEAMS"
          }
        }
      },
      "id": "TRAYER_1_ULZ2",
      "junctions": [
        [
          "TRAYER_1_ULZ1",
          "TRAYER_1_ULZ3",
          null,
          null
        ]
      ],
      "mechtype": "BT",
      "modeltype": "Conveyor",
      "name": "TRAYER_1_ULZ2",
      "sizex": 1250,
      "sizey": 787
    },
    "TRAYER_1_ULZ1": {
      "blocktype": "CaseTransportType01",
      "children": {
        "transport": {
          "children": {
            "drivex": {
              "id": "",
              "brake_motion": 400,
              "min_motion": 600,
              "nominal_motion": 800,
              "max_motion": 2800,
              "input": {
                "FLT": "ULZ1_BLT1_FLT",
                "OK": "ULZ1_BLT1_OK"
              },
              "modeltype": "Ecc",
              "output": {
                "RUN": "ULZ1_BLT1_RUN",
                "DIR": "ULZ1_BLT1_DIR",
                "SS1": "ULZ1_BLT1_SS1",
                "SS2": "ULZ1_BLT1_SS2"
              }
            }
          },
          "id": "",
          "input": {
            "X_OCC2": "ULZ1_PE_P"
          },
          "pe": {
            "X_OCC2": [664, 0, 664, 787]
          },
          "modeltype": "Belt",
          "output": {}
        },
        "lhd": {
          "modeltype": "LHD",
          "id": ""
        }
      },
      "id": "TRAYER_1_ULZ1",
      "junctions": [
        [
          "410105_03",
          "TRAYER_1_ULZ2",
          null,
          null
        ]
      ],
      "mechtype": "BT",
      "modeltype": "Conveyor",
      "name": "TRAYER_1_ULZ1",
      "sizex": 914.4,
      "sizey": 787
    },
    "410105_01": {
      "blocktype": "CaseTransportType01",
      "children": {
        "transport": {
          "children": {
            "drivex": {
              "id": "",
              "input": {
                "FLT": "BT410105_01_BLT1_FLT",
                "OK": "BT410105_01_BLT1_OK"
              },
              "modeltype": "Ecc",
              "output": {
                "RUN": "BT410105_01_BLT1_RUN",
                "DIR": "BT410105_01_BLT1_DIR",
                "SS1": "BT410105_01_BLT1_SS1",
                "SS2": "BT410105_01_BLT1_SS2"
              }
            }
          },
          "id": "",
          "input": {
            "X_OCC2": "BT410105_01_PE_P"
          },
          "modeltype": "Belt",
          "output": {}
        },
        "lhd": {
          "modeltype": "LHD",
          "id": ""
        }
      },
      "id": "410105_01",
      "junctions": [
        [
          null,
          "410105_02",
          null,
          null
        ]
      ],
      "mechtype": "BT",
      "modeltype": "Conveyor",
      "name": "BT410105_01",
      "sizex": 914.4,
      "sizey": 787
    },
    "410105_02": {
      "blocktype": "CaseTransportType01T",
      "children": {
        "transport": {
          "children": {
            "drivex": {
              "id": "",
              "input": {
                "FLT": "BT410105_02_BLT1_FLT",
                "OK": "BT410105_02_BLT1_OK"
              },
              "modeltype": "Ecc",
              "output": {
                "RUN": "BT410105_02_BLT1_RUN",
                "DIR": "BT410105_02_BLT1_DIR",
                "SS1": "BT410105_02_BLT1_SS1",
                "SS2": "BT410105_02_BLT1_SS2"
              }
            }
          },
          "id": "",
          "input": {
            "X_OCC2": "BT410105_02_PE_P"
          },
          "modeltype": "Belt",
          "output": {}
        },
        "lhd": {
          "modeltype": "LHD",
          "id": ""
        }
      },
      "id": "410105_02",
      "junctions": [
        [
          "410105_01",
          "410105_03",
          null,
          null
        ]
      ],
      "mechtype": "BT",
      "modeltype": "Conveyor",
      "name": "BT410105_02",
      "sizex": 914.4,
      "sizey": 787
    },
    "410105_03": {
      "blocktype": "CaseTransportType01T",
      "children": {
        "transport": {
          "children": {
            "drivex": {
              "id": "",
              "input": {
                "FLT": "BT410105_03_BLT1_FLT",
                "OK": "BT410105_03_BLT1_OK"
              },
              "modeltype": "Ecc",
              "output": {
                "RUN": "BT410105_03_BLT1_RUN",
                "DIR": "BT410105_03_BLT1_DIR",
                "SS1": "BT410105_03_BLT1_SS1",
                "SS2": "BT410105_03_BLT1_SS2"
              }
            }
          },
          "id": "",
          "input": {
            "X_OCC2": "BT410105_03_PE_P"
          },
          "modeltype": "Belt",
          "output": {}
        },
        "lhd": {
          "modeltype": "LHD",
          "id": ""
        },
        "reader": {
          "modeltype": "Reader",
          "input": {
            "BLOCKED": "BT410105_03_READER_BLOCKED",
            "HEIGHT": "BT410105_03_HEIGHT",
            "LENGTH": "BT410105_03_LENGTH",
            "WIDTH": "BT410105_03_WIDTH",
            "WEIGHT": "BT410105_03_WEIGHT"
          }
        }
      },
      "id": "410105_03",
      "junctions": [
        [
          "410105_02",
          "TRAYER_1_ULZ1",
          null,
          null
        ]
      ],
      "mechtype": "BT",
      "modeltype": "Conveyor",
      "name": "BT410105_03",
      "sizex": 914.4,
      "sizey": 787
    },
    "410205_01": {
      "comment": "Combined 'OR' type straight equivalent tray source path",
      "blocktype": "CaseTransportType01",
      "children": {
        "transport": {
          "children": {
            "drivex": {
              "id": "",
              "input": {
                "FLT": "OR410205_01_ROL1_FLT",
                "OK": "OR410205_01_ROL1_OK"
              },
              "modeltype": "Ecc",
              "output": {
                "RUN": "OR410205_01_ROL1_RUN",
                "DIR": "OR410205_01_ROL1_DIR",
                "SS1": "OR410205_01_ROL1_SS1",
                "SS2": "OR410205_01_ROL1_SS2"
              }
            }
          },
          "id": "",
          "input": {
            "X_OCC2": "OR410205_01_PE_P"
          },
          "modeltype": "Roller",
          "output": {}
        },
        "lhd": {
          "modeltype": "LHD",
          "id": ""
        }
      },
      "id": "410205_01",
      "junctions": [
        [
          null,
          "410205_02",
          null,
          null
        ]
      ],
      "mechtype": "OR",
      "modeltype": "Conveyor",
      "name": "OR410205_01",
      "sizex": 914.4,
      "sizey": 787
    },
    "410205_02": {
      "blocktype": "CaseTransportType01T",
      "children": {
        "transport": {
          "children": {
            "drivex": {
              "id": "",
              "input": {
                "FLT": "OR410205_02_ROL1_FLT",
                "OK": "OR410205_02_ROL1_OK"
              },
              "modeltype": "Ecc",
              "output": {
                "RUN": "OR410205_02_ROL1_RUN",
                "DIR": "OR410205_02_ROL1_DIR",
                "SS1": "OR410205_02_ROL1_SS1",
                "SS2": "OR410205_02_ROL1_SS2"
              }
            }
          },
          "id": "",
          "input": {
            "X_OCC2": "OR410205_02_PE_P"
          },
          "modeltype": "Roller",
          "output": {}
        },
        "lhd": {
          "modeltype": "LHD",
          "id": ""
        }
      },
      "id": "410205_02",
      "junctions": [
        [
          "410205_01",
          "410205_03",
          null,
          null
        ]
      ],
      "mechtype": "OR",
      "modeltype": "Conveyor",
      "name": "OR410205_02",
      "sizex": 914.4,
      "sizey": 787
    },
    "410205_03": {
      "comment": "Combined 'OR' type straight equivalent tray source path",
      "blocktype": "CaseTransportType01T",
      "children": {
        "transport": {
          "children": {
            "drivex": {
              "id": "",
              "input": {
                "FLT": "OR410205_03_ROL1_FLT",
                "OK": "OR410205_03_ROL1_OK"
              },
              "modeltype": "Ecc",
              "output": {
                "RUN": "OR410205_03_ROL1_RUN",
                "DIR": "OR410205_03_ROL1_DIR",
                "SS1": "OR410205_03_ROL1_SS1",
                "SS2": "OR410205_03_ROL1_SS2"
              }
            }
          },
          "id": "",
          "input": {
            "X_OCC2": "OR410210_01_PE_P",
            "X_EC2": "OR410205_03_PE_P"
          },
          "modeltype": "Roller",
          "output": {}
        },
        "lhd": {
          "modeltype": "LHD",
          "id": ""
        }
      },
      "id": "410205_03",
      "junctions": [
        [
          "410205_02",
          "410210_01",
          null,
          null
        ]
      ],
      "mechtype": "OR",
      "modeltype": "Conveyor",
      "name": "OR410205_03",
      "sizex": 914.4,
      "sizey": 787
    },
    "410210_01": {
      "comment": "Combined 'OR' type straight equivalent tray source path",
      "blocktype": "CaseTransportType01T",
      "children": {
        "transport": {
          "children": {
            "drivex": {
              "id": "",
              "input": {
              },
              "modeltype": "Ecc",
              "output": {
                "RUN": "OR410210_01_ROL1_RUN"
              }
            }
          },
          "id": "",
          "input": {
            "X_OCC2": "OR410210_01_PE_P"
          },
          "modeltype": "Roller",
          "output": {}
        },
        "lhd": {
          "modeltype": "LHD",
          "id": ""
        }
      },
      "id": "410210_01",
      "junctions": [
        [
          "410205_03",
          "TRAYER_1_MLZ1",
          null,
          null
        ]
      ],
      "mechtype": "OR",
      "modeltype": "Conveyor",
      "name": "OR410210_01",
      "sizex": 1200,
      "sizey": 787
    },
    "410305_01": {
      "blocktype": "CaseTransportType01",
      "children": {
        "transport": {
          "children": {
            "drivex": {
              "id": "",
              "input": {
                "FLT": "OR410305_01_ROL1_FLT",
                "OK": "OR410305_01_ROL1_OK"
              },
              "modeltype": "Ecc",
              "output": {
                "RUN": "OR410305_01_ROL1_RUN",
                "DIR": "OR410305_01_ROL1_DIR",
                "SS1": "OR410305_01_ROL1_SS1",
                "SS2": "OR410305_01_ROL1_SS2"
              }
            }
          },
          "id": "",
          "input": {
            "X_EC2": "OR410305_01_PE_P"
          },
          "modeltype": "Roller",
          "output": {}
        },
        "lhd": {
          "modeltype": "LHD",
          "id": ""
        }
      },
      "id": "410305_01",
      "junctions": [
        [
          null,
          "410310_01",
          null,
          null
        ]
      ],
      "mechtype": "OR",
      "modeltype": "Conveyor",
      "name": "OR410305_01",
      "sizex": 914.4,
      "sizey": 787
    },
    "410310_01": {
      "blocktype": "CaseTransportType01",
      "children": {
        "transport": {
          "children": {
            "drivex": {
              "id": "",
              "input": {
                "FLT": "OR410310_01_ROL1_FLT",
                "OK": "OR410310_01_ROL1_OK"
              },
              "modeltype": "Ecc",
              "output": {
                "RUN": "OR410310_01_ROL1_RUN",
                "DIR": "OR410310_01_ROL1_DIR",
                "SS1": "OR410310_01_ROL1_SS1",
                "SS2": "OR410310_01_ROL1_SS2"
              }
            }
          },
          "id": "",
          "input": {
            "X_OCC2": "OR410310_01_PE_P"
          },
          "modeltype": "Roller",
          "output": {}
        },
        "lhd": {
          "modeltype": "LHD",
          "id": ""
        }
      },
      "id": "410310_01",
      "junctions": [
        [
          "410305_01",
          "410310_02",
          null,
          null
        ]
      ],
      "mechtype": "OR",
      "modeltype": "Conveyor",
      "name": "OR410310_01",
      "sizex": 1200,
      "sizey": 787
    },
    "410310_02": {
      "blocktype": "CaseTransportType01",
      "children": {
        "transport": {
          "children": {
            "drivex": {
              "id": "",
              "input": {
                "FLT": "OR410310_02_ROL1_FLT",
                "OK": "OR410310_02_ROL1_OK"
              },
              "modeltype": "Ecc",
              "output": {
                "RUN": "OR410310_02_ROL1_RUN",
                "DIR": "OR410310_02_ROL1_DIR",
                "SS1": "OR410310_02_ROL1_SS1",
                "SS2": "OR410310_02_ROL1_SS2"
              }
            }
          },
          "id": "",
          "input": {
            "X_OCC2": "OR410310_02_PE_P"
          },
          "modeltype": "Roller",
          "output": {}
        },
        "lhd": {
          "modeltype": "LHD",
          "id": ""
        }
      },
      "id": "410310_02",
      "junctions": [
        [
          "410310_01",
          "TRAYER_1_LLZ1",
          null,
          null
        ]
      ],
      "mechtype": "OR",
      "modeltype": "Conveyor",
      "name": "OR410310_02",
      "sizex": 1200,
      "sizey": 787
    }
  },
  "modeltype": "Loop"
}
